field	value
schema	M3_JDK8357439_FINAL_PROOF_REQUEST_V1
targetRepository	hsoliwal/M3jdk21
targetBranch	master
targetBaseline	3276beb771104035c5d9afde3646b0dd6cddbf7e
issue	JDK-8357439
title	Add bash autocompletion for jcmd
upstreamRepository	openjdk/jdk
upstreamCommit	8549d1896054dd230ba3038c83bce23b10dcda22
recipe	com.m3.rewrite.backport.M3Jdk8357439JcmdCompletionBackportRecipe
crate	jdk27-jcmd-8357439
targetPath1	make/modules/jdk.jcmd/Copy.gmk
targetPath2	src/jdk.jcmd/share/conf/bash-completion/jcmd
targetGitBlob1	f3240f9f61db734f6dbd248ed4052e642b059874
targetGitBlob2	c1aca269e721d422a8809fbf1691d11548fcac2d
requiredRecipeJUnit	true
requiredFixedPoint	true
requiredBashSyntax	true
requiredRuntimeSmoke	true
requiredJdkImageBuild	true
requiredPackagingParity	true
promotionAuthority	false
