schema	source_repository	source_revision	source_path	source_git_blob_sha1	target_path	source_license	disposition
M3_JNI_ARRAY_RECEIVER_V1	hsoliwal/com.synexia	857c4cc0ddeb73e5ea5269a1d0ef2d30057dcfa8	synexia-indexstring/THIRD_PARTY_NOTICES.md	fa05a0e5785564d55e170a436f1be87d43c23287	m3/vendor/synexia/synexia-indexstring/THIRD_PARTY_NOTICES.md	Apache-2.0	PINNED_VENDOR_CUSTODY
M3_JNI_ARRAY_RECEIVER_V1	hsoliwal/com.synexia	857c4cc0ddeb73e5ea5269a1d0ef2d30057dcfa8	synexia-indexstring/src/main/java/com/synexia/indexstring/shared/ArrayHandle.java	610b139f44f05bf7a6bfedeb10846d29dc16b4b2	m3/vendor/synexia/synexia-indexstring/src/main/java/com/synexia/indexstring/shared/ArrayHandle.java	Apache-2.0	PINNED_VENDOR_CUSTODY
M3_JNI_ARRAY_RECEIVER_V1	hsoliwal/com.synexia	857c4cc0ddeb73e5ea5269a1d0ef2d30057dcfa8	synexia-indexstring/src/main/java/com/synexia/indexstring/shared/SharedArray.java	d87cebc7101b5b272ff80c2b56a49b7e42fb18cf	m3/vendor/synexia/synexia-indexstring/src/main/java/com/synexia/indexstring/shared/SharedArray.java	Apache-2.0	PINNED_VENDOR_CUSTODY
M3_JNI_ARRAY_RECEIVER_V1	hsoliwal/com.synexia	857c4cc0ddeb73e5ea5269a1d0ef2d30057dcfa8	synexia-indexstring/src/main/java/com/synexia/indexstring/shared/SharedArrayConversions.java	8e6d0acd184a8bc356a49efc363c4e39530b5bf3	m3/vendor/synexia/synexia-indexstring/src/main/java/com/synexia/indexstring/shared/SharedArrayConversions.java	Apache-2.0	PINNED_VENDOR_CUSTODY
M3_JNI_ARRAY_RECEIVER_V1	hsoliwal/com.synexia	857c4cc0ddeb73e5ea5269a1d0ef2d30057dcfa8	synexia-indexstring/src/main/java/com/synexia/indexstring/shared/SharedArrayNative.java	62c2e6e089b6a203b22d5aae4e15a834876f08d1	m3/vendor/synexia/synexia-indexstring/src/main/java/com/synexia/indexstring/shared/SharedArrayNative.java	Apache-2.0	PINNED_VENDOR_CUSTODY
M3_JNI_ARRAY_RECEIVER_V1	hsoliwal/com.synexia	857c4cc0ddeb73e5ea5269a1d0ef2d30057dcfa8	synexia-indexstring/src/main/java/com/synexia/indexstring/shared/SharedArrayPool.java	e0207b70c51f9369fdc0b617698e31ba5014db88	m3/vendor/synexia/synexia-indexstring/src/main/java/com/synexia/indexstring/shared/SharedArrayPool.java	Apache-2.0	PINNED_VENDOR_CUSTODY
M3_JNI_ARRAY_RECEIVER_V1	hsoliwal/com.synexia	857c4cc0ddeb73e5ea5269a1d0ef2d30057dcfa8	synexia-indexstring/src/main/java/com/synexia/indexstring/shared/SharedBytes.java	372ff3ded11b4067bd7896cb8543b448ae82403a	m3/vendor/synexia/synexia-indexstring/src/main/java/com/synexia/indexstring/shared/SharedBytes.java	Apache-2.0	PINNED_VENDOR_CUSTODY
M3_JNI_ARRAY_RECEIVER_V1	hsoliwal/com.synexia	857c4cc0ddeb73e5ea5269a1d0ef2d30057dcfa8	synexia-indexstring/src/main/java/com/synexia/indexstring/shared/SharedChars.java	f05b41bf87472219e5a602efcc62858a903d15a5	m3/vendor/synexia/synexia-indexstring/src/main/java/com/synexia/indexstring/shared/SharedChars.java	Apache-2.0	PINNED_VENDOR_CUSTODY
M3_JNI_ARRAY_RECEIVER_V1	hsoliwal/com.synexia	857c4cc0ddeb73e5ea5269a1d0ef2d30057dcfa8	synexia-indexstring/src/main/java/com/synexia/indexstring/shared/SharedSegments.java	2912e2afbc13a981ed6f6ef704b8b17047481fea	m3/vendor/synexia/synexia-indexstring/src/main/java/com/synexia/indexstring/shared/SharedSegments.java	Apache-2.0	PINNED_VENDOR_CUSTODY
M3_JNI_ARRAY_RECEIVER_V1	hsoliwal/com.synexia	857c4cc0ddeb73e5ea5269a1d0ef2d30057dcfa8	synexia-indexstring/native/shared-arrays/CMakeLists.txt	2f2439e381f755a9834e10f417fcb41f784cb465	m3/vendor/synexia/synexia-indexstring/native/shared-arrays/CMakeLists.txt	Apache-2.0	PINNED_VENDOR_CUSTODY
M3_JNI_ARRAY_RECEIVER_V1	hsoliwal/com.synexia	857c4cc0ddeb73e5ea5269a1d0ef2d30057dcfa8	synexia-indexstring/native/shared-arrays/shared_arrays.cpp	8b85031cfbe1d64f43c93a1453f8670cc65dbafe	m3/vendor/synexia/synexia-indexstring/native/shared-arrays/shared_arrays.cpp	Apache-2.0	PINNED_VENDOR_CUSTODY
M3_JNI_ARRAY_RECEIVER_V1	hsoliwal/com.synexia	857c4cc0ddeb73e5ea5269a1d0ef2d30057dcfa8	synexia-indexstring/native/shared-arrays/shared_string_compare.cpp	c0bf741d48304dceb73fddd0352ab510d1f2265f	m3/vendor/synexia/synexia-indexstring/native/shared-arrays/shared_string_compare.cpp	Apache-2.0	PINNED_VENDOR_CUSTODY
