kind	value
stack_parent	9f0e1f510ee2c16b923d747102513cc7311a8349
a3_pre_sha256	6d9ec887c87898167748ca5f77598f95a6784cfaf14882f4983733c006374b77
a3_post_sha256	6e48f939022e6b99c0ce8fa1f86f6323f2cb54f89b0724409e190f84d0a487a9
pom_pre_sha256	27308b049acc122f62f9cb9a9a679a94640952c423b04495c0ef5b9a2c824ec1
pom_post_sha256	bc4ef5a0341a69f57eb0a084a67ebf7142ff945e8d1e3c3831479dd1ba7c0ea7
java_recipe	com.synexia.rewrite.M3HashPinnedJavaSnapshotRecipe
text_recipe	com.m3.rewrite.backport.M3Jdk21HashPinnedTextSnapshotRecipe
canonical_synexia_owner	hsoliwal/com.synexia
authority	CANDIDATE_ONLY
