schema_version	M3JDK_FUZZY_HISTOGRAM_RECEIVER_MAP_V1
synexia_repository	hsoliwal/com.synexia
synexia_pr	10126
synexia_head	ab4edcbd7eb475a3c9abb12d4a0fc14703a826ec
source_path	synexia-indexstring/src/main/java/com/synexia/indexstring/MIndexPositionMasks.java
source_recipe	synexia-openrewrite-recipes/src/main/java/com/synexia/rewrite/fuzzyhistogram/M3FuzzyHistogramAutoRouteCandidateRecipe.java
source_recipe_root	2ef0b23481b8d73d9ee331f4a23138a8ff82765238504b5a1bea21958d6dd7d5
target_repository	hsoliwal/M3jdk21
target_owner	com.m3.text.M3PositionMaskFacts
target_path	m3/core/src/com/m3/text/M3PositionMaskFacts.java
receiver_test	m3/core/test/M3PositionMaskFactsReceiverTest.java
precompute_fields	row_count,block_count,entry_count,primitive_payload_bytes,root_hash,auto_native_histogram_max_rows,native_slab_rows,source_revision
route_policy	0=JAVA;1..64=NATIVE_CANDIDATE;65+=JAVA
source_foss_decision	FOSS_REUSE_DECISION.tsv:mindex-fuzzy-histogram-auto-native-crossover-20261010:NO_FIT
source_payload_policy	NO_MASK_IMAGE_BYTES_COPIED
native_execution	NOT_CLAIMED
full_search_performance	NOT_CLAIMED
status	TARGET_METADATA_CONTRACT_ONLY
license	Apache-2.0
