source_id	canonical_name	synexia_path	record_id_field	mapping_fields	precompute_target	data_license	data_policy	precompute_fields
dictlang.dictionary	Dictionary	synexia-dictlang/src/main/resources/dictionary.txt	line_number	lexeme	M3LexiconPrecompute.IndexWordFacts	Public domain (US) text; Project Gutenberg License (eBook #29765, Webster) for PG header/footer/trademark	PG header/footer retained at source (License 1.E.1); exports must keep the license or strip every Project Gutenberg reference; preserve source line identity	concept_ids,corpus_count,document_frequency,expansion_word_ids,flags,language_id,lexicon_fingerprint,memberships,subjects,total_corpus_tokens,total_documents,word_count,source_revision
dictlang.frequency	English frequency	synexia-dictlang/src/main/resources/en_full_frequency.txt	line_number	lexeme,frequency_rank	M3LexiconPrecompute.IndexWordSignal	MIT (hermitdave/FrequencyWords content/2018/en/en_full.txt, Copyright (c) 2016 Hermit Dave; OpenSubtitles 2018 via OPUS)	retain MIT copyright and permission notice plus OPUS/OpenSubtitles attribution; keep frequency rank as metadata; no silent vocabulary replacement	code_point_length,first_code_point,flags,frequency_rank,last_code_point,lemma_id,lexical_rank,morphology_mask,phonetic_id,pos_mask,presence64,script_ordinal,sim_hash64,stem_id,utf16_length,source_revision
dictlang.thesaurus	Thesaurus	synexia-dictlang/src/main/resources/thesaurus.txt	line_number	lexeme,related_lexeme	M3StringFacts	Public domain (US) text; Project Gutenberg License (eBook #10681, Roget) for PG header/footer/trademark	mapping-only export; PG obligations as for dictlang.dictionary; semantic authority remains Synexia	lexeme,related_lexeme
dictlang.antonyms	Antonyms	synexia-dictlang/src/main/resources/antonyms.txt	line_number	lexeme,related_lexeme	M3StringFacts	Public domain (US) text; Project Gutenberg License (eBook #73237, Ordway 1914) for PG header/footer/trademark	mapping-only export; PG obligations as for dictlang.dictionary; preserve pair direction	lexeme,related_lexeme
dictlang.huggingface	Hugging Face lexicon bridge	synexia-dictlang/shared/bridge-hf/src/main/java/com/synexia/dictshared/hf/DatasetLexiconImport.java	dataset_record_id	language_tag,lexeme,source_revision,canonical_schema,canonical_bytes,canonical_digest,domain	M3StringFacts + M3LangDexPrecompute.Identity	license follows the pinned dataset card	bridge metadata only; downloader is never invoked by this exporter	langdex_canonical_bytes,langdex_canonical_digest,langdex_canonical_schema,langdex_domain,langdex_glottocode,langdex_record_id,langdex_source_id,langdex_source_revision,langdex_surface
unicodex.langdex.lexemes	LangDex lexemes	synexia-unicodex/docs/langdex/UPSTREAM_SCHEMA.tsv	lexeme_id	glottocode,lemma,source,concept_id,canonical_schema,canonical_bytes,canonical_digest,domain	M3LangDexPrecompute.Entry + M3LangDexPrecompute.WordProfile + M3LangDexPrecompute.LexicalProfile + M3LangDexPrecompute.TranslationIdentity + M3LangDexPrecompute.Translation	CC-BY-SA-3.0 where applicable	schema/source pin only unless the exact licensed snapshot is supplied	langdex_canonical_bytes,langdex_canonical_digest,langdex_canonical_schema,langdex_concept_id,langdex_confidence_permille,langdex_domain,langdex_evidence_mask,langdex_feature_bits,langdex_flags,langdex_frequency,langdex_glottocode,langdex_lexical_class_mask,langdex_record_id,langdex_semantic_class_mask,langdex_source_glottocode,langdex_source_id,langdex_source_revision,langdex_source_surface,langdex_subject_id,langdex_surface,langdex_target_glottocode,langdex_target_lexeme_id,langdex_target_surface,lemma
translate.rows	Translation rows	synexia-translate/src/main/java/com/synexia/translate/core/Language.java	translation_id	language_tag,source_id,target_id	M3StringFacts + M3LexiconPrecompute.TranslationProjection + SharedLexiconPrecomputeCatalog.TranslationIdentity + M3LanguageGrammarSupport	Apache-2.0	preserve source/target profile IDs and conflict rules	source_id,record_id,source_language,target_language,lexicon_fingerprint,source_fingerprint,translated_token_ids,mapped_token_count,translation_grammar_supported
dictlang.si-units	SI units	synexia-dictlang/shared/api/src/main/java/com/synexia/dictshared/api/SiUnit.java	unit_id	canonical_name,symbol	M3StringFacts + SiUnitPrecompute	Apache-2.0	canonical names and symbols remain separate mappings	si_decimal_exponent,si_dimension_packed,si_offset,si_prefixable
dictlang.acronyms	Acronyms	synexia-dictlang/shared/core/src/main/java/com/synexia/dictshared/core/AcronymLexicon.java	acronym_id	expansion	M3StringFacts + AcronymPrecompute	Apache-2.0	preserve acronym and expansion identities	-
dictlang.numbers.0-10000	Numbers 0..10000	synexia-dictlang/src/main/java/com/dictlang/values/NumberValue.java	number	value,spelling,language_tag	M3StringFacts + M3NumberSpace	Apache-2.0	all integer IDs 0 through 10000 are admissible and never renumbered	source_id,record_id,min_value,max_value,precomputed_value_count,shared_utf16_storage,canonical_decimal_spelling,source_revision
translate.index-phrases	Indexed phrase rewrites	synexia-common/src/main/java/com/synexia/common/language/IndexPhraseTable.java	source_phrase_token_ids	source_token_ids,target_token_ids	M3PhrasePrecompute.Scope + M3PhrasePrecompute.Phrase	Apache-2.0	preserve vocabulary-space identity, source order, target order, and longest-prefix rewrite semantics	source_token_ids,target_token_ids,vocabulary_fingerprint
