sha256	bytes	path
056505294a6b00756f7b56aebac037b650633b4b7db03b1322c6c55b9a9db867	1225	sources/recipe-recovery/current-runtime-checker-c0/evidence/producer-v1/chain/03-tests.stdout.log
e8e622dd3ff15c35ce8c70b819fe0c944e244ae72466a9935b047480a51fc52a	10408	sources/recipe-recovery/current-runtime-checker-c0/evidence/producer-v1/chain/04-runtime.json
9ddf3781b5e43a87b1d67caac2bc4b251f9ce8d77c509c8369129f4b0359fd55	210	sources/recipe-recovery/current-runtime-checker-c0/evidence/producer-v1/chain/04-runtime.stderr.log
4266d420b77c69fd434d7c54fc7da173ba1bdba6e564b24aa2f94d436bce3a25	151	sources/recipe-recovery/current-runtime-checker-c0/evidence/producer-v1/chain/04-runtime.stdout.log
9344e8f859e777be920f6a39c73a1579f00b67142abb9abec4acf5108c33029d	12037	sources/recipe-recovery/current-runtime-checker-c0/evidence/producer-v1/commands.json
0c5889046c2e4e8962f02071b0ba6a9ae6a8b2fc82f2d62cd2cc1687b62f605c	6331	sources/recipe-recovery/current-runtime-checker-c0/evidence/producer-v1/generated-candidate/OUTPUT.json
6156bdc560aa3500694001cc743e1428b755c8f8fc545afbffd545f425b3101e	163471	sources/recipe-recovery/current-runtime-checker-c0/evidence/producer-v1/generated-candidate/candidate.patch
e3b0c44298fc1c149afbf4c8996fb92427ae41e4649b934ca495991b7852b855	0	sources/recipe-recovery/current-runtime-checker-c0/evidence/producer-v1/generated-candidate/composition/Forward/01-Rfc-replay.patch
6156bdc560aa3500694001cc743e1428b755c8f8fc545afbffd545f425b3101e	163471	sources/recipe-recovery/current-runtime-checker-c0/evidence/producer-v1/generated-candidate/composition/Forward/01-Rfc.patch
e3b0c44298fc1c149afbf4c8996fb92427ae41e4649b934ca495991b7852b855	0	sources/recipe-recovery/current-runtime-checker-c0/evidence/producer-v1/generated-candidate/composition/Reverse/01-Rfc-replay.patch
6156bdc560aa3500694001cc743e1428b755c8f8fc545afbffd545f425b3101e	163471	sources/recipe-recovery/current-runtime-checker-c0/evidence/producer-v1/generated-candidate/composition/Reverse/01-Rfc.patch
9407d72859629ff18b1b22796368bda50c9d4e588072aea541c36d44b8bb7dc6	48860	sources/recipe-recovery/current-runtime-checker-c0/evidence/producer-v1/generated-candidate/m3/runtime-integration/check-m3string-invariants.py
6d1f13d20bca007ab2d0b358fdee7bf4bdc1d1e6003a87cb9451b5e7c2975194	778	sources/recipe-recovery/current-runtime-checker-c0/evidence/producer-v1/generated-candidate/m3/runtime-integration/fix-root-ascii-case/manifest.json
13e26f49dac9f82ee8a01e828ead985a9896fcea195a27556741a88ea43ba74c	79672	sources/recipe-recovery/current-runtime-checker-c0/evidence/producer-v1/generated-candidate/m3/tooling/image-gates/current-c0.json
44f11e1b54d53a3667651bb81786e7939725f9ea9d8a61ee38c96df22407ddf3	529808	sources/recipe-recovery/current-runtime-checker-c0/evidence/producer-v1/inputs.json
69b82f620d5234a0c6ffeb167ad7edbe12f5edc9c9818995faf49ac7f45c9bed	683	sources/recipe-recovery/current-runtime-checker-c0/evidence/producer-v1/junit.json
356e4ebbb8293b34ef6ec05a154f71fbf9914307085cbdc2fff5fce15b31d58b	1827	sources/recipe-recovery/current-runtime-checker-c0/evidence/producer-v1/project/README.md
8015207ce502d22955f7f77697177e5939fa1e25be7cd74be89c639335ae48e6	12032	sources/recipe-recovery/current-runtime-checker-c0/evidence/producer-v1/project/dependency-source/com/m3/rewrite/backport/M3Jdk21HashPinnedTextSnapshotRecipe.java
8ab55e4882d61ad71bc976149fe7fe1c2e4112c70733fcd338dfb8a6333ab3ef	3698	sources/recipe-recovery/current-runtime-checker-c0/evidence/producer-v1/project/pom.xml
c3b24df691b2c9bdfa1f966042b06e3f5dbc47d9e841a404be9879f8e06c3988	41429	sources/recipe-recovery/current-runtime-checker-c0/evidence/producer-v1/project/proof.py
67f214cb2fabb4b79ed269f6e0cb9933d2670102cb788f916b1f7819fd809198	544	sources/recipe-recovery/current-runtime-checker-c0/evidence/producer-v1/project/src/main/resources/META-INF/rewrite/rf0-orders.yml
2ab4b2231c8f23d4bacdc7da0bdc385f15a109ffac815db7b3f9431dd35d5f06	345	sources/recipe-recovery/current-runtime-checker-c0/evidence/producer-v1/project/src/main/resources/META-INF/rewrite/rf0-rfc.yml
d86481ecdcf2c1fcd771738bf52c28020752e7f09e27790f174bde256b13eb63	577	sources/recipe-recovery/current-runtime-checker-c0/evidence/producer-v1/project/src/main/resources/com/m3/rewrite/backport/jdk21-hash-pinned-text/rf0-rfc/manifest.tsv
9407d72859629ff18b1b22796368bda50c9d4e588072aea541c36d44b8bb7dc6	48860	sources/recipe-recovery/current-runtime-checker-c0/evidence/producer-v1/project/src/main/resources/com/m3/rewrite/backport/jdk21-hash-pinned-text/rf0-rfc/target-1.txt
6d1f13d20bca007ab2d0b358fdee7bf4bdc1d1e6003a87cb9451b5e7c2975194	778	sources/recipe-recovery/current-runtime-checker-c0/evidence/producer-v1/project/src/main/resources/com/m3/rewrite/backport/jdk21-hash-pinned-text/rf0-rfc/target-2.txt
13e26f49dac9f82ee8a01e828ead985a9896fcea195a27556741a88ea43ba74c	79672	sources/recipe-recovery/current-runtime-checker-c0/evidence/producer-v1/project/src/main/resources/com/m3/rewrite/backport/jdk21-hash-pinned-text/rf0-rfc/target-3.txt
2274874cb3dc034215a4a534b1860d3672b1cff8303758c3e13bb294111089a8	439	sources/recipe-recovery/current-runtime-checker-c0/evidence/producer-v1/project/src/main/resources/composition-orders.json
e10f531ba9d018c85dbf539ddb66207f3c029c1c7abc714a975febfb823164df	2596	sources/recipe-recovery/current-runtime-checker-c0/evidence/producer-v1/project/src/main/resources/qualification.json
00c17108cc43c398022f4023fab69f071fb6f6572d90529e5250429904b084ee	29472	sources/recipe-recovery/current-runtime-checker-c0/evidence/producer-v1/project/src/test/java/com/synexia/rewrite/Rf0RecipeTest.java
c9eb51298f2a6a7a1798051c24074cd7f23a8e0805ed6d50420ff3bcd12cacb4	48850	sources/recipe-recovery/current-runtime-checker-c0/evidence/producer-v1/project/src/test/resources/before/m3/runtime-integration/check-m3string-invariants.py
c0af7bc99ace3f9dcc5e0e9085d9bac66eeb1a497b2153a54bb11ca250916c14	778	sources/recipe-recovery/current-runtime-checker-c0/evidence/producer-v1/project/src/test/resources/before/m3/runtime-integration/fix-root-ascii-case/manifest.json
dab4ded7bc1558a151376bc3b882403f22138981377249d85114fa9186cb7657	79659	sources/recipe-recovery/current-runtime-checker-c0/evidence/producer-v1/project/src/test/resources/before/m3/tooling/image-gates/current-c0.json
67f214cb2fabb4b79ed269f6e0cb9933d2670102cb788f916b1f7819fd809198	544	sources/recipe-recovery/current-runtime-checker-c0/evidence/producer-v1/project/target/classes/META-INF/rewrite/rf0-orders.yml
2ab4b2231c8f23d4bacdc7da0bdc385f15a109ffac815db7b3f9431dd35d5f06	345	sources/recipe-recovery/current-runtime-checker-c0/evidence/producer-v1/project/target/classes/META-INF/rewrite/rf0-rfc.yml
d86481ecdcf2c1fcd771738bf52c28020752e7f09e27790f174bde256b13eb63	577	sources/recipe-recovery/current-runtime-checker-c0/evidence/producer-v1/project/target/classes/com/m3/rewrite/backport/jdk21-hash-pinned-text/rf0-rfc/manifest.tsv
9407d72859629ff18b1b22796368bda50c9d4e588072aea541c36d44b8bb7dc6	48860	sources/recipe-recovery/current-runtime-checker-c0/evidence/producer-v1/project/target/classes/com/m3/rewrite/backport/jdk21-hash-pinned-text/rf0-rfc/target-1.txt
6d1f13d20bca007ab2d0b358fdee7bf4bdc1d1e6003a87cb9451b5e7c2975194	778	sources/recipe-recovery/current-runtime-checker-c0/evidence/producer-v1/project/target/classes/com/m3/rewrite/backport/jdk21-hash-pinned-text/rf0-rfc/target-2.txt
13e26f49dac9f82ee8a01e828ead985a9896fcea195a27556741a88ea43ba74c	79672	sources/recipe-recovery/current-runtime-checker-c0/evidence/producer-v1/project/target/classes/com/m3/rewrite/backport/jdk21-hash-pinned-text/rf0-rfc/target-3.txt
2274874cb3dc034215a4a534b1860d3672b1cff8303758c3e13bb294111089a8	439	sources/recipe-recovery/current-runtime-checker-c0/evidence/producer-v1/project/target/classes/composition-orders.json
e10f531ba9d018c85dbf539ddb66207f3c029c1c7abc714a975febfb823164df	2596	sources/recipe-recovery/current-runtime-checker-c0/evidence/producer-v1/project/target/classes/qualification.json
4df320aef2448cbc442ffc9ba268ac9c874de9e1f4be822fe60e5acfb3837e53	351	sources/recipe-recovery/current-runtime-checker-c0/evidence/producer-v1/project/target/maven-status/maven-compiler-plugin/compile/default-compile/createdFiles.lst
fab2761e0132b505f296f5fcd06ace1870fb1e74f7658e6de21caa77e2c3e55d	209	sources/recipe-recovery/current-runtime-checker-c0/evidence/producer-v1/project/target/maven-status/maven-compiler-plugin/compile/default-compile/inputFiles.lst
5281b7dbf50ef504b6bad69b6399bf4389d372125c26b78b58dd4d02fd9d08bb	293	sources/recipe-recovery/current-runtime-checker-c0/evidence/producer-v1/project/target/maven-status/maven-compiler-plugin/testCompile/default-testCompile/createdFiles.lst
b8f5b0cb7481c4fbcb12c47da6836d1182e6b0543b7e4b74d861d544bfcee5e5	179	sources/recipe-recovery/current-runtime-checker-c0/evidence/producer-v1/project/target/maven-status/maven-compiler-plugin/testCompile/default-testCompile/inputFiles.lst
66ad314fda96bc7f7fc6b805c4a9b69c396b531b9dff3e8a44a5546a6214c9a1	21389	sources/recipe-recovery/current-runtime-checker-c0/evidence/producer-v1/project/target/surefire-reports/TEST-com.synexia.rewrite.Rf0RecipeTest.xml
78729848b73447ca26b52012a7ab4a111b1bca9cebc31d8dabe3f969278d5db7	316	sources/recipe-recovery/current-runtime-checker-c0/evidence/producer-v1/project/target/surefire-reports/com.synexia.rewrite.Rf0RecipeTest.txt
c9eb51298f2a6a7a1798051c24074cd7f23a8e0805ed6d50420ff3bcd12cacb4	48850	sources/recipe-recovery/current-runtime-checker-c0/evidence/producer-v1/project/target/test-classes/before/m3/runtime-integration/check-m3string-invariants.py
c0af7bc99ace3f9dcc5e0e9085d9bac66eeb1a497b2153a54bb11ca250916c14	778	sources/recipe-recovery/current-runtime-checker-c0/evidence/producer-v1/project/target/test-classes/before/m3/runtime-integration/fix-root-ascii-case/manifest.json
dab4ded7bc1558a151376bc3b882403f22138981377249d85114fa9186cb7657	79659	sources/recipe-recovery/current-runtime-checker-c0/evidence/producer-v1/project/target/test-classes/before/m3/tooling/image-gates/current-c0.json
215c8a4e1ddc9a7a3825dcfda2d9403748bbfda2540977b929e25621ae3c7495	7357	sources/recipe-recovery/current-runtime-checker-c0/evidence/producer-v1/runtime-classpath.txt
10ac679b70e72911a9689e3935744793587b5cc361d54eb0bbe85323c62162bc	3526	sources/recipe-recovery/current-runtime-checker-c0/evidence/producer-v1/runtime.json
e84aa27d928cae19160e687d7a0320d0488184b70cb633bcaac6cafc927d8888	60571	sources/recipe-recovery/current-runtime-checker-c0/evidence/producer-v1/spec.json
38c7eb1e409a064ead37b8e9288ac331b5b403c7122de7f258aca58ab88cd4a4	5982	sources/recipe-recovery/current-runtime-checker-c0/evidence/producer-v1/staging.json
06d4923c9b8a9389e3eb6463f028829fd89dca7c6d9b0599ef4239317a8b0c9d	97386	sources/recipe-recovery/current-runtime-checker-c0/evidence/producer-v1/tool-links.json
80d6a56289f882b2bd5ded2bbccf270ce6608e1f2fd1049034adcd9398b1e932	14430	sources/recipe-recovery/current-runtime-checker-c0/evidence/producer-v1/tooling.json
ff65c5c5aa7fb0ff8740475f71ed41dc3f75160960156210d56607df9886b742	4418	sources/recipe-recovery/current-runtime-checker-c0/evidence/semantic-v1/ADMISSION.json
0954ce5327412705d8a44e11feee952d4722aa358889c082016e3cd3a251fc22	7602	sources/recipe-recovery/current-runtime-checker-c0/evidence/semantic-v1/RESULT.json
9407d72859629ff18b1b22796368bda50c9d4e588072aea541c36d44b8bb7dc6	48860	sources/recipe-recovery/current-runtime-checker-c0/evidence/semantic-v1/candidate/m3/runtime-integration/check-m3string-invariants.py
ac3d829f7aed357e3d5cc01bb2027ac3447c5962851441c11d8dd762f91df02f	1819	sources/recipe-recovery/current-runtime-checker-c0/evidence/semantic-v1/candidate/m3/runtime-integration/fix-root-ascii-case/Fix.py
6d1f13d20bca007ab2d0b358fdee7bf4bdc1d1e6003a87cb9451b5e7c2975194	778	sources/recipe-recovery/current-runtime-checker-c0/evidence/semantic-v1/candidate/m3/runtime-integration/fix-root-ascii-case/manifest.json
b44d65071df2d88f840f9bbfd7d3be1e5efd62017d1cc22fe2adf61160a63b05	2845	sources/recipe-recovery/current-runtime-checker-c0/evidence/semantic-v1/candidate/m3/runtime-integration/fix-root-ascii-case/pom.xml
6304b8d19e720e99f029add1fd3d01daaa4339eccd39732f4da387480e4d685e	2045	sources/recipe-recovery/current-runtime-checker-c0/evidence/semantic-v1/candidate/m3/runtime-integration/fix-root-ascii-case/runtime.patch
4db52d19878cbe9284a8f8aac8c705f87dc3888da2e8571c6afff8797029cfa1	5045	sources/recipe-recovery/current-runtime-checker-c0/evidence/semantic-v1/candidate/m3/runtime-integration/fix-root-ascii-case/test_fix.py
e2941c8efb9f65a886d2e6d70ef0a60efb3b74440a253c8b60da71e02b622eb0	2475	sources/recipe-recovery/current-runtime-checker-c0/evidence/semantic-v1/candidate/m3/runtime-integration/recipe/apply.py
13e26f49dac9f82ee8a01e828ead985a9896fcea195a27556741a88ea43ba74c	79672	sources/recipe-recovery/current-runtime-checker-c0/evidence/semantic-v1/candidate/m3/tooling/image-gates/current-c0.json
acd49abfe66383ae325ced5adf371716f76eb164749ddb2e19a0dcf5638a4e96	8723	sources/recipe-recovery/current-runtime-checker-c0/evidence/semantic-v1/candidate/m3/tooling/image-gates/src/test/python/test_current_context.py
924f82ab0df19c7c24a9c208c93880fab36da2c9216572c33b4219d6c0208f64	16970	sources/recipe-recovery/current-runtime-checker-c0/evidence/semantic-v1/candidate/m3/tooling/image-gates/verify-current.py
8015207ce502d22955f7f77697177e5939fa1e25be7cd74be89c639335ae48e6	12032	sources/recipe-recovery/current-runtime-checker-c0/evidence/semantic-v1/candidate/m3/tooling/migration-recipes/src/main/java/com/m3/rewrite/backport/M3Jdk21HashPinnedTextSnapshotRecipe.java
30f0399507a486fdcd01a90f4fdccaea5e1a0ec8bd81ed25661c00bdb4b59a0b	42045	sources/recipe-recovery/current-runtime-checker-c0/evidence/semantic-v1/candidate/m3/tooling/migration-recipes/src/main/resources/com/m3/rewrite/backport/jdk21-hash-pinned-text/m3-string-canonical-dag-master-repair/03-invariants.py.txt
187e7881ad746920b508c9a69ff11f5be64fd3452d40cf9bd2ae446a20373231	1579	sources/recipe-recovery/current-runtime-checker-c0/evidence/semantic-v1/candidate/m3/tooling/migration-recipes/src/main/resources/com/m3/rewrite/backport/jdk21-hash-pinned-text/m3-string-canonical-dag-master-repair/manifest.tsv
ec17add80f15d3267e9c39350c123320ce01238a78f8dd8113398d2e21b1276a	35163	sources/recipe-recovery/current-runtime-checker-c0/evidence/semantic-v1/candidate/m3/tooling/migration-recipes/src/main/resources/com/m3/rewrite/backport/jdk21-hash-pinned-text/m3-string-history-convergence/03-invariants.py.txt
8d74f04f71d23b8c1df15afead88f77bffef7fb30b86774f513dedee6038d166	1196	sources/recipe-recovery/current-runtime-checker-c0/evidence/semantic-v1/candidate/m3/tooling/migration-recipes/src/main/resources/com/m3/rewrite/backport/jdk21-hash-pinned-text/m3-string-history-convergence/manifest.tsv
b35c642045ab22b185ed228c8fcef62383f8eafdaca09fe7268c807f68936d12	221629	sources/recipe-recovery/current-runtime-checker-c0/evidence/semantic-v1/candidate/src/java.base/share/classes/java/lang/String.java
1fd4c8d856e7de971c874936ef8561167041cd3c087e6ad8796d3225cc6087dc	51207	sources/recipe-recovery/current-runtime-checker-c0/evidence/semantic-v1/candidate/test/jdk/java/lang/String/M3StringPrecomputeSearchTest.java
eedac6ac547b353fae7fa68730bc42be9ccac96e9d4acded8394e1fe1360a669	2135	sources/recipe-recovery/current-runtime-checker-c0/evidence/semantic-v1/chain/01-python-runtime-observation/receipt.json
e3b0c44298fc1c149afbf4c8996fb92427ae41e4649b934ca495991b7852b855	0	sources/recipe-recovery/current-runtime-checker-c0/evidence/semantic-v1/chain/01-python-runtime-observation/stderr.log
9b012779b365bc2f5b00c6898210a2254b1327ee874193987b7e7e7fe571643b	2162	sources/recipe-recovery/current-runtime-checker-c0/evidence/semantic-v1/chain/01-python-runtime-observation/stdout.log
6a6927ce27dd7975f695fd89111b4c999cb54766d42dba1d5295dc9475a5308b	178	sources/recipe-recovery/current-runtime-checker-c0/evidence/semantic-v1/observed-outputs.json
6d18baa1fc19de84c31e61a9641f4f6daaec142b96729117481a4617b433034a	3765	sources/recipe-recovery/current-runtime-checker-c0/evidence/semantic-v1/source-after.json
6d18baa1fc19de84c31e61a9641f4f6daaec142b96729117481a4617b433034a	3765	sources/recipe-recovery/current-runtime-checker-c0/evidence/semantic-v1/source-before.json
c3ee5895ca072718b54774727823dfccc87d64af8b84b9e67c60139e2721e4f7	4418	sources/recipe-recovery/current-runtime-checker-c0/evidence/semantic-v2/ADMISSION.json
b5a579eb42c8b306f7ef505e73b04d25a7fb91d5fd117157bc0d16fa47d7df90	50611	sources/recipe-recovery/current-runtime-checker-c0/evidence/semantic-v2/RESULT.json
3226e1540c13cd47ff3bf8ddf386ce5a94d564084d065b183a1f51872bb2081d	9057	sources/recipe-recovery/current-runtime-checker-c0/evidence/semantic-v2/ROOT-READBACK-v1.json
9407d72859629ff18b1b22796368bda50c9d4e588072aea541c36d44b8bb7dc6	48860	sources/recipe-recovery/current-runtime-checker-c0/evidence/semantic-v2/candidate/m3/runtime-integration/check-m3string-invariants.py
ac3d829f7aed357e3d5cc01bb2027ac3447c5962851441c11d8dd762f91df02f	1819	sources/recipe-recovery/current-runtime-checker-c0/evidence/semantic-v2/candidate/m3/runtime-integration/fix-root-ascii-case/Fix.py
6d1f13d20bca007ab2d0b358fdee7bf4bdc1d1e6003a87cb9451b5e7c2975194	778	sources/recipe-recovery/current-runtime-checker-c0/evidence/semantic-v2/candidate/m3/runtime-integration/fix-root-ascii-case/manifest.json
b44d65071df2d88f840f9bbfd7d3be1e5efd62017d1cc22fe2adf61160a63b05	2845	sources/recipe-recovery/current-runtime-checker-c0/evidence/semantic-v2/candidate/m3/runtime-integration/fix-root-ascii-case/pom.xml
6304b8d19e720e99f029add1fd3d01daaa4339eccd39732f4da387480e4d685e	2045	sources/recipe-recovery/current-runtime-checker-c0/evidence/semantic-v2/candidate/m3/runtime-integration/fix-root-ascii-case/runtime.patch
4db52d19878cbe9284a8f8aac8c705f87dc3888da2e8571c6afff8797029cfa1	5045	sources/recipe-recovery/current-runtime-checker-c0/evidence/semantic-v2/candidate/m3/runtime-integration/fix-root-ascii-case/test_fix.py
e2941c8efb9f65a886d2e6d70ef0a60efb3b74440a253c8b60da71e02b622eb0	2475	sources/recipe-recovery/current-runtime-checker-c0/evidence/semantic-v2/candidate/m3/runtime-integration/recipe/apply.py
13e26f49dac9f82ee8a01e828ead985a9896fcea195a27556741a88ea43ba74c	79672	sources/recipe-recovery/current-runtime-checker-c0/evidence/semantic-v2/candidate/m3/tooling/image-gates/current-c0.json
acd49abfe66383ae325ced5adf371716f76eb164749ddb2e19a0dcf5638a4e96	8723	sources/recipe-recovery/current-runtime-checker-c0/evidence/semantic-v2/candidate/m3/tooling/image-gates/src/test/python/test_current_context.py
924f82ab0df19c7c24a9c208c93880fab36da2c9216572c33b4219d6c0208f64	16970	sources/recipe-recovery/current-runtime-checker-c0/evidence/semantic-v2/candidate/m3/tooling/image-gates/verify-current.py
8015207ce502d22955f7f77697177e5939fa1e25be7cd74be89c639335ae48e6	12032	sources/recipe-recovery/current-runtime-checker-c0/evidence/semantic-v2/candidate/m3/tooling/migration-recipes/src/main/java/com/m3/rewrite/backport/M3Jdk21HashPinnedTextSnapshotRecipe.java
30f0399507a486fdcd01a90f4fdccaea5e1a0ec8bd81ed25661c00bdb4b59a0b	42045	sources/recipe-recovery/current-runtime-checker-c0/evidence/semantic-v2/candidate/m3/tooling/migration-recipes/src/main/resources/com/m3/rewrite/backport/jdk21-hash-pinned-text/m3-string-canonical-dag-master-repair/03-invariants.py.txt
187e7881ad746920b508c9a69ff11f5be64fd3452d40cf9bd2ae446a20373231	1579	sources/recipe-recovery/current-runtime-checker-c0/evidence/semantic-v2/candidate/m3/tooling/migration-recipes/src/main/resources/com/m3/rewrite/backport/jdk21-hash-pinned-text/m3-string-canonical-dag-master-repair/manifest.tsv
ec17add80f15d3267e9c39350c123320ce01238a78f8dd8113398d2e21b1276a	35163	sources/recipe-recovery/current-runtime-checker-c0/evidence/semantic-v2/candidate/m3/tooling/migration-recipes/src/main/resources/com/m3/rewrite/backport/jdk21-hash-pinned-text/m3-string-history-convergence/03-invariants.py.txt
8d74f04f71d23b8c1df15afead88f77bffef7fb30b86774f513dedee6038d166	1196	sources/recipe-recovery/current-runtime-checker-c0/evidence/semantic-v2/candidate/m3/tooling/migration-recipes/src/main/resources/com/m3/rewrite/backport/jdk21-hash-pinned-text/m3-string-history-convergence/manifest.tsv
b35c642045ab22b185ed228c8fcef62383f8eafdaca09fe7268c807f68936d12	221629	sources/recipe-recovery/current-runtime-checker-c0/evidence/semantic-v2/candidate/src/java.base/share/classes/java/lang/String.java
1fd4c8d856e7de971c874936ef8561167041cd3c087e6ad8796d3225cc6087dc	51207	sources/recipe-recovery/current-runtime-checker-c0/evidence/semantic-v2/candidate/test/jdk/java/lang/String/M3StringPrecomputeSearchTest.java
fd2089328f7c1965e480f7ff6ae7ec7e915af25b109e2b0cbe44a4d05068d376	2508	sources/recipe-recovery/current-runtime-checker-c0/evidence/semantic-v2/chain/01-python-runtime-observation/observation.json
2a44283d2c11ac478b87985b8568dde47d9058b3d2137266cc61fdb8c67247ce	2135	sources/recipe-recovery/current-runtime-checker-c0/evidence/semantic-v2/chain/01-python-runtime-observation/receipt.json
e3b0c44298fc1c149afbf4c8996fb92427ae41e4649b934ca495991b7852b855	0	sources/recipe-recovery/current-runtime-checker-c0/evidence/semantic-v2/chain/01-python-runtime-observation/stderr.log
9b012779b365bc2f5b00c6898210a2254b1327ee874193987b7e7e7fe571643b	2162	sources/recipe-recovery/current-runtime-checker-c0/evidence/semantic-v2/chain/01-python-runtime-observation/stdout.log
e9a632900270e39e5c7c1fa2e232044ff1b7e4d7e383fbce2f070a9d52a92748	364	sources/recipe-recovery/current-runtime-checker-c0/evidence/semantic-v2/chain/02-git-loader-observation/observation.json
3f0e811d1d5ac6b30605d60d680aa59abcf2245bab50e0e449579bdda0420b26	2243	sources/recipe-recovery/current-runtime-checker-c0/evidence/semantic-v2/chain/02-git-loader-observation/receipt.json
e3b0c44298fc1c149afbf4c8996fb92427ae41e4649b934ca495991b7852b855	0	sources/recipe-recovery/current-runtime-checker-c0/evidence/semantic-v2/chain/02-git-loader-observation/stderr.log
52ef6e817d263ee605048f75b42ab76003f473d124f7990f72754755d136becc	351	sources/recipe-recovery/current-runtime-checker-c0/evidence/semantic-v2/chain/02-git-loader-observation/stdout.log
c666affe1092e060e05e381c9cc5da75e7091f07ba0d5301b101359a0e852dce	36351	sources/recipe-recovery/current-runtime-checker-c0/evidence/semantic-v2/chain/03-rfc-syntax-patch-contract/observation.json
33dd2bc94220a2256dc5b1f35a1688f31a7ab78ea854471a5065956ba565ced2	3211	sources/recipe-recovery/current-runtime-checker-c0/evidence/semantic-v2/chain/03-rfc-syntax-patch-contract/receipt.json
b9ed3b46a0fa080dc52cb2bd8c02925f7224b616f54c62c9491aa631df900dd4	1259	sources/recipe-recovery/current-runtime-checker-c0/evidence/semantic-v2/chain/03-rfc-syntax-patch-contract/stderr.log
e3b0c44298fc1c149afbf4c8996fb92427ae41e4649b934ca495991b7852b855	0	sources/recipe-recovery/current-runtime-checker-c0/evidence/semantic-v2/chain/03-rfc-syntax-patch-contract/stdout.log
1c383481e366edad67fea40f3efd7bbf9218da89887ec5fc502860b3c6bc643c	637	sources/recipe-recovery/current-runtime-checker-c0/evidence/semantic-v2/observations/original-six.command.json
9a9c209d847bd7124f8f967efc113dea4235f29b48124d458dc1bc9f91c2a546	768	sources/recipe-recovery/current-runtime-checker-c0/evidence/semantic-v2/observations/original-six.stderr
e3b0c44298fc1c149afbf4c8996fb92427ae41e4649b934ca495991b7852b855	0	sources/recipe-recovery/current-runtime-checker-c0/evidence/semantic-v2/observations/original-six.stdout
9407d72859629ff18b1b22796368bda50c9d4e588072aea541c36d44b8bb7dc6	48860	sources/recipe-recovery/current-runtime-checker-c0/evidence/semantic-v2/observations/original-six/m3/runtime-integration/check-m3string-invariants.py
ac3d829f7aed357e3d5cc01bb2027ac3447c5962851441c11d8dd762f91df02f	1819	sources/recipe-recovery/current-runtime-checker-c0/evidence/semantic-v2/observations/original-six/m3/runtime-integration/fix-root-ascii-case/Fix.py
6d1f13d20bca007ab2d0b358fdee7bf4bdc1d1e6003a87cb9451b5e7c2975194	778	sources/recipe-recovery/current-runtime-checker-c0/evidence/semantic-v2/observations/original-six/m3/runtime-integration/fix-root-ascii-case/manifest.json
b44d65071df2d88f840f9bbfd7d3be1e5efd62017d1cc22fe2adf61160a63b05	2845	sources/recipe-recovery/current-runtime-checker-c0/evidence/semantic-v2/observations/original-six/m3/runtime-integration/fix-root-ascii-case/pom.xml
6304b8d19e720e99f029add1fd3d01daaa4339eccd39732f4da387480e4d685e	2045	sources/recipe-recovery/current-runtime-checker-c0/evidence/semantic-v2/observations/original-six/m3/runtime-integration/fix-root-ascii-case/runtime.patch
4db52d19878cbe9284a8f8aac8c705f87dc3888da2e8571c6afff8797029cfa1	5045	sources/recipe-recovery/current-runtime-checker-c0/evidence/semantic-v2/observations/original-six/m3/runtime-integration/fix-root-ascii-case/test_fix.py
e2941c8efb9f65a886d2e6d70ef0a60efb3b74440a253c8b60da71e02b622eb0	2475	sources/recipe-recovery/current-runtime-checker-c0/evidence/semantic-v2/observations/original-six/m3/runtime-integration/recipe/apply.py
13e26f49dac9f82ee8a01e828ead985a9896fcea195a27556741a88ea43ba74c	79672	sources/recipe-recovery/current-runtime-checker-c0/evidence/semantic-v2/observations/original-six/m3/tooling/image-gates/current-c0.json
acd49abfe66383ae325ced5adf371716f76eb164749ddb2e19a0dcf5638a4e96	8723	sources/recipe-recovery/current-runtime-checker-c0/evidence/semantic-v2/observations/original-six/m3/tooling/image-gates/src/test/python/test_current_context.py
924f82ab0df19c7c24a9c208c93880fab36da2c9216572c33b4219d6c0208f64	16970	sources/recipe-recovery/current-runtime-checker-c0/evidence/semantic-v2/observations/original-six/m3/tooling/image-gates/verify-current.py
8015207ce502d22955f7f77697177e5939fa1e25be7cd74be89c639335ae48e6	12032	sources/recipe-recovery/current-runtime-checker-c0/evidence/semantic-v2/observations/original-six/m3/tooling/migration-recipes/src/main/java/com/m3/rewrite/backport/M3Jdk21HashPinnedTextSnapshotRecipe.java
30f0399507a486fdcd01a90f4fdccaea5e1a0ec8bd81ed25661c00bdb4b59a0b	42045	sources/recipe-recovery/current-runtime-checker-c0/evidence/semantic-v2/observations/original-six/m3/tooling/migration-recipes/src/main/resources/com/m3/rewrite/backport/jdk21-hash-pinned-text/m3-string-canonical-dag-master-repair/03-invariants.py.txt
187e7881ad746920b508c9a69ff11f5be64fd3452d40cf9bd2ae446a20373231	1579	sources/recipe-recovery/current-runtime-checker-c0/evidence/semantic-v2/observations/original-six/m3/tooling/migration-recipes/src/main/resources/com/m3/rewrite/backport/jdk21-hash-pinned-text/m3-string-canonical-dag-master-repair/manifest.tsv
ec17add80f15d3267e9c39350c123320ce01238a78f8dd8113398d2e21b1276a	35163	sources/recipe-recovery/current-runtime-checker-c0/evidence/semantic-v2/observations/original-six/m3/tooling/migration-recipes/src/main/resources/com/m3/rewrite/backport/jdk21-hash-pinned-text/m3-string-history-convergence/03-invariants.py.txt
8d74f04f71d23b8c1df15afead88f77bffef7fb30b86774f513dedee6038d166	1196	sources/recipe-recovery/current-runtime-checker-c0/evidence/semantic-v2/observations/original-six/m3/tooling/migration-recipes/src/main/resources/com/m3/rewrite/backport/jdk21-hash-pinned-text/m3-string-history-convergence/manifest.tsv
b35c642045ab22b185ed228c8fcef62383f8eafdaca09fe7268c807f68936d12	221629	sources/recipe-recovery/current-runtime-checker-c0/evidence/semantic-v2/observations/original-six/src/java.base/share/classes/java/lang/String.java
1fd4c8d856e7de971c874936ef8561167041cd3c087e6ad8796d3225cc6087dc	51207	sources/recipe-recovery/current-runtime-checker-c0/evidence/semantic-v2/observations/original-six/test/jdk/java/lang/String/M3StringPrecomputeSearchTest.java
9407d72859629ff18b1b22796368bda50c9d4e588072aea541c36d44b8bb7dc6	48860	sources/recipe-recovery/current-runtime-checker-c0/evidence/semantic-v2/observations/product-drift/m3/runtime-integration/check-m3string-invariants.py
ac3d829f7aed357e3d5cc01bb2027ac3447c5962851441c11d8dd762f91df02f	1819	sources/recipe-recovery/current-runtime-checker-c0/evidence/semantic-v2/observations/product-drift/m3/runtime-integration/fix-root-ascii-case/Fix.py
6d1f13d20bca007ab2d0b358fdee7bf4bdc1d1e6003a87cb9451b5e7c2975194	778	sources/recipe-recovery/current-runtime-checker-c0/evidence/semantic-v2/observations/product-drift/m3/runtime-integration/fix-root-ascii-case/manifest.json
b44d65071df2d88f840f9bbfd7d3be1e5efd62017d1cc22fe2adf61160a63b05	2845	sources/recipe-recovery/current-runtime-checker-c0/evidence/semantic-v2/observations/product-drift/m3/runtime-integration/fix-root-ascii-case/pom.xml
6304b8d19e720e99f029add1fd3d01daaa4339eccd39732f4da387480e4d685e	2045	sources/recipe-recovery/current-runtime-checker-c0/evidence/semantic-v2/observations/product-drift/m3/runtime-integration/fix-root-ascii-case/runtime.patch
4db52d19878cbe9284a8f8aac8c705f87dc3888da2e8571c6afff8797029cfa1	5045	sources/recipe-recovery/current-runtime-checker-c0/evidence/semantic-v2/observations/product-drift/m3/runtime-integration/fix-root-ascii-case/test_fix.py
e2941c8efb9f65a886d2e6d70ef0a60efb3b74440a253c8b60da71e02b622eb0	2475	sources/recipe-recovery/current-runtime-checker-c0/evidence/semantic-v2/observations/product-drift/m3/runtime-integration/recipe/apply.py
13e26f49dac9f82ee8a01e828ead985a9896fcea195a27556741a88ea43ba74c	79672	sources/recipe-recovery/current-runtime-checker-c0/evidence/semantic-v2/observations/product-drift/m3/tooling/image-gates/current-c0.json
acd49abfe66383ae325ced5adf371716f76eb164749ddb2e19a0dcf5638a4e96	8723	sources/recipe-recovery/current-runtime-checker-c0/evidence/semantic-v2/observations/product-drift/m3/tooling/image-gates/src/test/python/test_current_context.py
924f82ab0df19c7c24a9c208c93880fab36da2c9216572c33b4219d6c0208f64	16970	sources/recipe-recovery/current-runtime-checker-c0/evidence/semantic-v2/observations/product-drift/m3/tooling/image-gates/verify-current.py
8015207ce502d22955f7f77697177e5939fa1e25be7cd74be89c639335ae48e6	12032	sources/recipe-recovery/current-runtime-checker-c0/evidence/semantic-v2/observations/product-drift/m3/tooling/migration-recipes/src/main/java/com/m3/rewrite/backport/M3Jdk21HashPinnedTextSnapshotRecipe.java
30f0399507a486fdcd01a90f4fdccaea5e1a0ec8bd81ed25661c00bdb4b59a0b	42045	sources/recipe-recovery/current-runtime-checker-c0/evidence/semantic-v2/observations/product-drift/m3/tooling/migration-recipes/src/main/resources/com/m3/rewrite/backport/jdk21-hash-pinned-text/m3-string-canonical-dag-master-repair/03-invariants.py.txt
187e7881ad746920b508c9a69ff11f5be64fd3452d40cf9bd2ae446a20373231	1579	sources/recipe-recovery/current-runtime-checker-c0/evidence/semantic-v2/observations/product-drift/m3/tooling/migration-recipes/src/main/resources/com/m3/rewrite/backport/jdk21-hash-pinned-text/m3-string-canonical-dag-master-repair/manifest.tsv
ec17add80f15d3267e9c39350c123320ce01238a78f8dd8113398d2e21b1276a	35163	sources/recipe-recovery/current-runtime-checker-c0/evidence/semantic-v2/observations/product-drift/m3/tooling/migration-recipes/src/main/resources/com/m3/rewrite/backport/jdk21-hash-pinned-text/m3-string-history-convergence/03-invariants.py.txt
8d74f04f71d23b8c1df15afead88f77bffef7fb30b86774f513dedee6038d166	1196	sources/recipe-recovery/current-runtime-checker-c0/evidence/semantic-v2/observations/product-drift/m3/tooling/migration-recipes/src/main/resources/com/m3/rewrite/backport/jdk21-hash-pinned-text/m3-string-history-convergence/manifest.tsv
a2506b71e0abd6bd6f358a518a41e723af25ed246dee4e7a6640ae1254073af1	221658	sources/recipe-recovery/current-runtime-checker-c0/evidence/semantic-v2/observations/product-drift/src/java.base/share/classes/java/lang/String.java
1fd4c8d856e7de971c874936ef8561167041cd3c087e6ad8796d3225cc6087dc	51207	sources/recipe-recovery/current-runtime-checker-c0/evidence/semantic-v2/observations/product-drift/test/jdk/java/lang/String/M3StringPrecomputeSearchTest.java
9407d72859629ff18b1b22796368bda50c9d4e588072aea541c36d44b8bb7dc6	48860	sources/recipe-recovery/current-runtime-checker-c0/evidence/semantic-v2/observations/proof-0-content/m3/runtime-integration/check-m3string-invariants.py
ac3d829f7aed357e3d5cc01bb2027ac3447c5962851441c11d8dd762f91df02f	1819	sources/recipe-recovery/current-runtime-checker-c0/evidence/semantic-v2/observations/proof-0-content/m3/runtime-integration/fix-root-ascii-case/Fix.py
6d1f13d20bca007ab2d0b358fdee7bf4bdc1d1e6003a87cb9451b5e7c2975194	778	sources/recipe-recovery/current-runtime-checker-c0/evidence/semantic-v2/observations/proof-0-content/m3/runtime-integration/fix-root-ascii-case/manifest.json
b44d65071df2d88f840f9bbfd7d3be1e5efd62017d1cc22fe2adf61160a63b05	2845	sources/recipe-recovery/current-runtime-checker-c0/evidence/semantic-v2/observations/proof-0-content/m3/runtime-integration/fix-root-ascii-case/pom.xml
6304b8d19e720e99f029add1fd3d01daaa4339eccd39732f4da387480e4d685e	2045	sources/recipe-recovery/current-runtime-checker-c0/evidence/semantic-v2/observations/proof-0-content/m3/runtime-integration/fix-root-ascii-case/runtime.patch
4db52d19878cbe9284a8f8aac8c705f87dc3888da2e8571c6afff8797029cfa1	5045	sources/recipe-recovery/current-runtime-checker-c0/evidence/semantic-v2/observations/proof-0-content/m3/runtime-integration/fix-root-ascii-case/test_fix.py
e2941c8efb9f65a886d2e6d70ef0a60efb3b74440a253c8b60da71e02b622eb0	2475	sources/recipe-recovery/current-runtime-checker-c0/evidence/semantic-v2/observations/proof-0-content/m3/runtime-integration/recipe/apply.py
13e26f49dac9f82ee8a01e828ead985a9896fcea195a27556741a88ea43ba74c	79672	sources/recipe-recovery/current-runtime-checker-c0/evidence/semantic-v2/observations/proof-0-content/m3/tooling/image-gates/current-c0.json
acd49abfe66383ae325ced5adf371716f76eb164749ddb2e19a0dcf5638a4e96	8723	sources/recipe-recovery/current-runtime-checker-c0/evidence/semantic-v2/observations/proof-0-content/m3/tooling/image-gates/src/test/python/test_current_context.py
924f82ab0df19c7c24a9c208c93880fab36da2c9216572c33b4219d6c0208f64	16970	sources/recipe-recovery/current-runtime-checker-c0/evidence/semantic-v2/observations/proof-0-content/m3/tooling/image-gates/verify-current.py
8015207ce502d22955f7f77697177e5939fa1e25be7cd74be89c639335ae48e6	12032	sources/recipe-recovery/current-runtime-checker-c0/evidence/semantic-v2/observations/proof-0-content/m3/tooling/migration-recipes/src/main/java/com/m3/rewrite/backport/M3Jdk21HashPinnedTextSnapshotRecipe.java
30f0399507a486fdcd01a90f4fdccaea5e1a0ec8bd81ed25661c00bdb4b59a0b	42045	sources/recipe-recovery/current-runtime-checker-c0/evidence/semantic-v2/observations/proof-0-content/m3/tooling/migration-recipes/src/main/resources/com/m3/rewrite/backport/jdk21-hash-pinned-text/m3-string-canonical-dag-master-repair/03-invariants.py.txt
187e7881ad746920b508c9a69ff11f5be64fd3452d40cf9bd2ae446a20373231	1579	sources/recipe-recovery/current-runtime-checker-c0/evidence/semantic-v2/observations/proof-0-content/m3/tooling/migration-recipes/src/main/resources/com/m3/rewrite/backport/jdk21-hash-pinned-text/m3-string-canonical-dag-master-repair/manifest.tsv
ec17add80f15d3267e9c39350c123320ce01238a78f8dd8113398d2e21b1276a	35163	sources/recipe-recovery/current-runtime-checker-c0/evidence/semantic-v2/observations/proof-0-content/m3/tooling/migration-recipes/src/main/resources/com/m3/rewrite/backport/jdk21-hash-pinned-text/m3-string-history-convergence/03-invariants.py.txt
8d74f04f71d23b8c1df15afead88f77bffef7fb30b86774f513dedee6038d166	1196	sources/recipe-recovery/current-runtime-checker-c0/evidence/semantic-v2/observations/proof-0-content/m3/tooling/migration-recipes/src/main/resources/com/m3/rewrite/backport/jdk21-hash-pinned-text/m3-string-history-convergence/manifest.tsv
b35c642045ab22b185ed228c8fcef62383f8eafdaca09fe7268c807f68936d12	221629	sources/recipe-recovery/current-runtime-checker-c0/evidence/semantic-v2/observations/proof-0-content/src/java.base/share/classes/java/lang/String.java
3dc5012455a1e4ba5a001fabfd77b2dbf35404f77f3eb0406ad5899d5a876f9e	51227	sources/recipe-recovery/current-runtime-checker-c0/evidence/semantic-v2/observations/proof-0-content/test/jdk/java/lang/String/M3StringPrecomputeSearchTest.java
9407d72859629ff18b1b22796368bda50c9d4e588072aea541c36d44b8bb7dc6	48860	sources/recipe-recovery/current-runtime-checker-c0/evidence/semantic-v2/observations/proof-0-missing/m3/runtime-integration/check-m3string-invariants.py
ac3d829f7aed357e3d5cc01bb2027ac3447c5962851441c11d8dd762f91df02f	1819	sources/recipe-recovery/current-runtime-checker-c0/evidence/semantic-v2/observations/proof-0-missing/m3/runtime-integration/fix-root-ascii-case/Fix.py
6d1f13d20bca007ab2d0b358fdee7bf4bdc1d1e6003a87cb9451b5e7c2975194	778	sources/recipe-recovery/current-runtime-checker-c0/evidence/semantic-v2/observations/proof-0-missing/m3/runtime-integration/fix-root-ascii-case/manifest.json
b44d65071df2d88f840f9bbfd7d3be1e5efd62017d1cc22fe2adf61160a63b05	2845	sources/recipe-recovery/current-runtime-checker-c0/evidence/semantic-v2/observations/proof-0-missing/m3/runtime-integration/fix-root-ascii-case/pom.xml
6304b8d19e720e99f029add1fd3d01daaa4339eccd39732f4da387480e4d685e	2045	sources/recipe-recovery/current-runtime-checker-c0/evidence/semantic-v2/observations/proof-0-missing/m3/runtime-integration/fix-root-ascii-case/runtime.patch
4db52d19878cbe9284a8f8aac8c705f87dc3888da2e8571c6afff8797029cfa1	5045	sources/recipe-recovery/current-runtime-checker-c0/evidence/semantic-v2/observations/proof-0-missing/m3/runtime-integration/fix-root-ascii-case/test_fix.py
e2941c8efb9f65a886d2e6d70ef0a60efb3b74440a253c8b60da71e02b622eb0	2475	sources/recipe-recovery/current-runtime-checker-c0/evidence/semantic-v2/observations/proof-0-missing/m3/runtime-integration/recipe/apply.py
13e26f49dac9f82ee8a01e828ead985a9896fcea195a27556741a88ea43ba74c	79672	sources/recipe-recovery/current-runtime-checker-c0/evidence/semantic-v2/observations/proof-0-missing/m3/tooling/image-gates/current-c0.json
acd49abfe66383ae325ced5adf371716f76eb164749ddb2e19a0dcf5638a4e96	8723	sources/recipe-recovery/current-runtime-checker-c0/evidence/semantic-v2/observations/proof-0-missing/m3/tooling/image-gates/src/test/python/test_current_context.py
924f82ab0df19c7c24a9c208c93880fab36da2c9216572c33b4219d6c0208f64	16970	sources/recipe-recovery/current-runtime-checker-c0/evidence/semantic-v2/observations/proof-0-missing/m3/tooling/image-gates/verify-current.py
8015207ce502d22955f7f77697177e5939fa1e25be7cd74be89c639335ae48e6	12032	sources/recipe-recovery/current-runtime-checker-c0/evidence/semantic-v2/observations/proof-0-missing/m3/tooling/migration-recipes/src/main/java/com/m3/rewrite/backport/M3Jdk21HashPinnedTextSnapshotRecipe.java
30f0399507a486fdcd01a90f4fdccaea5e1a0ec8bd81ed25661c00bdb4b59a0b	42045	sources/recipe-recovery/current-runtime-checker-c0/evidence/semantic-v2/observations/proof-0-missing/m3/tooling/migration-recipes/src/main/resources/com/m3/rewrite/backport/jdk21-hash-pinned-text/m3-string-canonical-dag-master-repair/03-invariants.py.txt
187e7881ad746920b508c9a69ff11f5be64fd3452d40cf9bd2ae446a20373231	1579	sources/recipe-recovery/current-runtime-checker-c0/evidence/semantic-v2/observations/proof-0-missing/m3/tooling/migration-recipes/src/main/resources/com/m3/rewrite/backport/jdk21-hash-pinned-text/m3-string-canonical-dag-master-repair/manifest.tsv
ec17add80f15d3267e9c39350c123320ce01238a78f8dd8113398d2e21b1276a	35163	sources/recipe-recovery/current-runtime-checker-c0/evidence/semantic-v2/observations/proof-0-missing/m3/tooling/migration-recipes/src/main/resources/com/m3/rewrite/backport/jdk21-hash-pinned-text/m3-string-history-convergence/03-invariants.py.txt
8d74f04f71d23b8c1df15afead88f77bffef7fb30b86774f513dedee6038d166	1196	sources/recipe-recovery/current-runtime-checker-c0/evidence/semantic-v2/observations/proof-0-missing/m3/tooling/migration-recipes/src/main/resources/com/m3/rewrite/backport/jdk21-hash-pinned-text/m3-string-history-convergence/manifest.tsv
b35c642045ab22b185ed228c8fcef62383f8eafdaca09fe7268c807f68936d12	221629	sources/recipe-recovery/current-runtime-checker-c0/evidence/semantic-v2/observations/proof-0-missing/src/java.base/share/classes/java/lang/String.java
9407d72859629ff18b1b22796368bda50c9d4e588072aea541c36d44b8bb7dc6	48860	sources/recipe-recovery/current-runtime-checker-c0/evidence/semantic-v2/observations/proof-0-symlink/m3/runtime-integration/check-m3string-invariants.py
ac3d829f7aed357e3d5cc01bb2027ac3447c5962851441c11d8dd762f91df02f	1819	sources/recipe-recovery/current-runtime-checker-c0/evidence/semantic-v2/observations/proof-0-symlink/m3/runtime-integration/fix-root-ascii-case/Fix.py
6d1f13d20bca007ab2d0b358fdee7bf4bdc1d1e6003a87cb9451b5e7c2975194	778	sources/recipe-recovery/current-runtime-checker-c0/evidence/semantic-v2/observations/proof-0-symlink/m3/runtime-integration/fix-root-ascii-case/manifest.json
b44d65071df2d88f840f9bbfd7d3be1e5efd62017d1cc22fe2adf61160a63b05	2845	sources/recipe-recovery/current-runtime-checker-c0/evidence/semantic-v2/observations/proof-0-symlink/m3/runtime-integration/fix-root-ascii-case/pom.xml
6304b8d19e720e99f029add1fd3d01daaa4339eccd39732f4da387480e4d685e	2045	sources/recipe-recovery/current-runtime-checker-c0/evidence/semantic-v2/observations/proof-0-symlink/m3/runtime-integration/fix-root-ascii-case/runtime.patch
4db52d19878cbe9284a8f8aac8c705f87dc3888da2e8571c6afff8797029cfa1	5045	sources/recipe-recovery/current-runtime-checker-c0/evidence/semantic-v2/observations/proof-0-symlink/m3/runtime-integration/fix-root-ascii-case/test_fix.py
e2941c8efb9f65a886d2e6d70ef0a60efb3b74440a253c8b60da71e02b622eb0	2475	sources/recipe-recovery/current-runtime-checker-c0/evidence/semantic-v2/observations/proof-0-symlink/m3/runtime-integration/recipe/apply.py
13e26f49dac9f82ee8a01e828ead985a9896fcea195a27556741a88ea43ba74c	79672	sources/recipe-recovery/current-runtime-checker-c0/evidence/semantic-v2/observations/proof-0-symlink/m3/tooling/image-gates/current-c0.json
acd49abfe66383ae325ced5adf371716f76eb164749ddb2e19a0dcf5638a4e96	8723	sources/recipe-recovery/current-runtime-checker-c0/evidence/semantic-v2/observations/proof-0-symlink/m3/tooling/image-gates/src/test/python/test_current_context.py
924f82ab0df19c7c24a9c208c93880fab36da2c9216572c33b4219d6c0208f64	16970	sources/recipe-recovery/current-runtime-checker-c0/evidence/semantic-v2/observations/proof-0-symlink/m3/tooling/image-gates/verify-current.py
8015207ce502d22955f7f77697177e5939fa1e25be7cd74be89c639335ae48e6	12032	sources/recipe-recovery/current-runtime-checker-c0/evidence/semantic-v2/observations/proof-0-symlink/m3/tooling/migration-recipes/src/main/java/com/m3/rewrite/backport/M3Jdk21HashPinnedTextSnapshotRecipe.java
30f0399507a486fdcd01a90f4fdccaea5e1a0ec8bd81ed25661c00bdb4b59a0b	42045	sources/recipe-recovery/current-runtime-checker-c0/evidence/semantic-v2/observations/proof-0-symlink/m3/tooling/migration-recipes/src/main/resources/com/m3/rewrite/backport/jdk21-hash-pinned-text/m3-string-canonical-dag-master-repair/03-invariants.py.txt
187e7881ad746920b508c9a69ff11f5be64fd3452d40cf9bd2ae446a20373231	1579	sources/recipe-recovery/current-runtime-checker-c0/evidence/semantic-v2/observations/proof-0-symlink/m3/tooling/migration-recipes/src/main/resources/com/m3/rewrite/backport/jdk21-hash-pinned-text/m3-string-canonical-dag-master-repair/manifest.tsv
ec17add80f15d3267e9c39350c123320ce01238a78f8dd8113398d2e21b1276a	35163	sources/recipe-recovery/current-runtime-checker-c0/evidence/semantic-v2/observations/proof-0-symlink/m3/tooling/migration-recipes/src/main/resources/com/m3/rewrite/backport/jdk21-hash-pinned-text/m3-string-history-convergence/03-invariants.py.txt
8d74f04f71d23b8c1df15afead88f77bffef7fb30b86774f513dedee6038d166	1196	sources/recipe-recovery/current-runtime-checker-c0/evidence/semantic-v2/observations/proof-0-symlink/m3/tooling/migration-recipes/src/main/resources/com/m3/rewrite/backport/jdk21-hash-pinned-text/m3-string-history-convergence/manifest.tsv
b35c642045ab22b185ed228c8fcef62383f8eafdaca09fe7268c807f68936d12	221629	sources/recipe-recovery/current-runtime-checker-c0/evidence/semantic-v2/observations/proof-0-symlink/src/java.base/share/classes/java/lang/String.java
225d712fb3654314dd90357a685a124e4a4dc43d9a5ea05393de6535ed04b552	48880	sources/recipe-recovery/current-runtime-checker-c0/evidence/semantic-v2/observations/proof-1-content/m3/runtime-integration/check-m3string-invariants.py
ac3d829f7aed357e3d5cc01bb2027ac3447c5962851441c11d8dd762f91df02f	1819	sources/recipe-recovery/current-runtime-checker-c0/evidence/semantic-v2/observations/proof-1-content/m3/runtime-integration/fix-root-ascii-case/Fix.py
6d1f13d20bca007ab2d0b358fdee7bf4bdc1d1e6003a87cb9451b5e7c2975194	778	sources/recipe-recovery/current-runtime-checker-c0/evidence/semantic-v2/observations/proof-1-content/m3/runtime-integration/fix-root-ascii-case/manifest.json
b44d65071df2d88f840f9bbfd7d3be1e5efd62017d1cc22fe2adf61160a63b05	2845	sources/recipe-recovery/current-runtime-checker-c0/evidence/semantic-v2/observations/proof-1-content/m3/runtime-integration/fix-root-ascii-case/pom.xml
6304b8d19e720e99f029add1fd3d01daaa4339eccd39732f4da387480e4d685e	2045	sources/recipe-recovery/current-runtime-checker-c0/evidence/semantic-v2/observations/proof-1-content/m3/runtime-integration/fix-root-ascii-case/runtime.patch
4db52d19878cbe9284a8f8aac8c705f87dc3888da2e8571c6afff8797029cfa1	5045	sources/recipe-recovery/current-runtime-checker-c0/evidence/semantic-v2/observations/proof-1-content/m3/runtime-integration/fix-root-ascii-case/test_fix.py
e2941c8efb9f65a886d2e6d70ef0a60efb3b74440a253c8b60da71e02b622eb0	2475	sources/recipe-recovery/current-runtime-checker-c0/evidence/semantic-v2/observations/proof-1-content/m3/runtime-integration/recipe/apply.py
13e26f49dac9f82ee8a01e828ead985a9896fcea195a27556741a88ea43ba74c	79672	sources/recipe-recovery/current-runtime-checker-c0/evidence/semantic-v2/observations/proof-1-content/m3/tooling/image-gates/current-c0.json
acd49abfe66383ae325ced5adf371716f76eb164749ddb2e19a0dcf5638a4e96	8723	sources/recipe-recovery/current-runtime-checker-c0/evidence/semantic-v2/observations/proof-1-content/m3/tooling/image-gates/src/test/python/test_current_context.py
924f82ab0df19c7c24a9c208c93880fab36da2c9216572c33b4219d6c0208f64	16970	sources/recipe-recovery/current-runtime-checker-c0/evidence/semantic-v2/observations/proof-1-content/m3/tooling/image-gates/verify-current.py
8015207ce502d22955f7f77697177e5939fa1e25be7cd74be89c639335ae48e6	12032	sources/recipe-recovery/current-runtime-checker-c0/evidence/semantic-v2/observations/proof-1-content/m3/tooling/migration-recipes/src/main/java/com/m3/rewrite/backport/M3Jdk21HashPinnedTextSnapshotRecipe.java
30f0399507a486fdcd01a90f4fdccaea5e1a0ec8bd81ed25661c00bdb4b59a0b	42045	sources/recipe-recovery/current-runtime-checker-c0/evidence/semantic-v2/observations/proof-1-content/m3/tooling/migration-recipes/src/main/resources/com/m3/rewrite/backport/jdk21-hash-pinned-text/m3-string-canonical-dag-master-repair/03-invariants.py.txt
187e7881ad746920b508c9a69ff11f5be64fd3452d40cf9bd2ae446a20373231	1579	sources/recipe-recovery/current-runtime-checker-c0/evidence/semantic-v2/observations/proof-1-content/m3/tooling/migration-recipes/src/main/resources/com/m3/rewrite/backport/jdk21-hash-pinned-text/m3-string-canonical-dag-master-repair/manifest.tsv
ec17add80f15d3267e9c39350c123320ce01238a78f8dd8113398d2e21b1276a	35163	sources/recipe-recovery/current-runtime-checker-c0/evidence/semantic-v2/observations/proof-1-content/m3/tooling/migration-recipes/src/main/resources/com/m3/rewrite/backport/jdk21-hash-pinned-text/m3-string-history-convergence/03-invariants.py.txt
8d74f04f71d23b8c1df15afead88f77bffef7fb30b86774f513dedee6038d166	1196	sources/recipe-recovery/current-runtime-checker-c0/evidence/semantic-v2/observations/proof-1-content/m3/tooling/migration-recipes/src/main/resources/com/m3/rewrite/backport/jdk21-hash-pinned-text/m3-string-history-convergence/manifest.tsv
b35c642045ab22b185ed228c8fcef62383f8eafdaca09fe7268c807f68936d12	221629	sources/recipe-recovery/current-runtime-checker-c0/evidence/semantic-v2/observations/proof-1-content/src/java.base/share/classes/java/lang/String.java
1fd4c8d856e7de971c874936ef8561167041cd3c087e6ad8796d3225cc6087dc	51207	sources/recipe-recovery/current-runtime-checker-c0/evidence/semantic-v2/observations/proof-1-content/test/jdk/java/lang/String/M3StringPrecomputeSearchTest.java
ac3d829f7aed357e3d5cc01bb2027ac3447c5962851441c11d8dd762f91df02f	1819	sources/recipe-recovery/current-runtime-checker-c0/evidence/semantic-v2/observations/proof-1-missing/m3/runtime-integration/fix-root-ascii-case/Fix.py
6d1f13d20bca007ab2d0b358fdee7bf4bdc1d1e6003a87cb9451b5e7c2975194	778	sources/recipe-recovery/current-runtime-checker-c0/evidence/semantic-v2/observations/proof-1-missing/m3/runtime-integration/fix-root-ascii-case/manifest.json
b44d65071df2d88f840f9bbfd7d3be1e5efd62017d1cc22fe2adf61160a63b05	2845	sources/recipe-recovery/current-runtime-checker-c0/evidence/semantic-v2/observations/proof-1-missing/m3/runtime-integration/fix-root-ascii-case/pom.xml
6304b8d19e720e99f029add1fd3d01daaa4339eccd39732f4da387480e4d685e	2045	sources/recipe-recovery/current-runtime-checker-c0/evidence/semantic-v2/observations/proof-1-missing/m3/runtime-integration/fix-root-ascii-case/runtime.patch
4db52d19878cbe9284a8f8aac8c705f87dc3888da2e8571c6afff8797029cfa1	5045	sources/recipe-recovery/current-runtime-checker-c0/evidence/semantic-v2/observations/proof-1-missing/m3/runtime-integration/fix-root-ascii-case/test_fix.py
e2941c8efb9f65a886d2e6d70ef0a60efb3b74440a253c8b60da71e02b622eb0	2475	sources/recipe-recovery/current-runtime-checker-c0/evidence/semantic-v2/observations/proof-1-missing/m3/runtime-integration/recipe/apply.py
13e26f49dac9f82ee8a01e828ead985a9896fcea195a27556741a88ea43ba74c	79672	sources/recipe-recovery/current-runtime-checker-c0/evidence/semantic-v2/observations/proof-1-missing/m3/tooling/image-gates/current-c0.json
acd49abfe66383ae325ced5adf371716f76eb164749ddb2e19a0dcf5638a4e96	8723	sources/recipe-recovery/current-runtime-checker-c0/evidence/semantic-v2/observations/proof-1-missing/m3/tooling/image-gates/src/test/python/test_current_context.py
924f82ab0df19c7c24a9c208c93880fab36da2c9216572c33b4219d6c0208f64	16970	sources/recipe-recovery/current-runtime-checker-c0/evidence/semantic-v2/observations/proof-1-missing/m3/tooling/image-gates/verify-current.py
8015207ce502d22955f7f77697177e5939fa1e25be7cd74be89c639335ae48e6	12032	sources/recipe-recovery/current-runtime-checker-c0/evidence/semantic-v2/observations/proof-1-missing/m3/tooling/migration-recipes/src/main/java/com/m3/rewrite/backport/M3Jdk21HashPinnedTextSnapshotRecipe.java
30f0399507a486fdcd01a90f4fdccaea5e1a0ec8bd81ed25661c00bdb4b59a0b	42045	sources/recipe-recovery/current-runtime-checker-c0/evidence/semantic-v2/observations/proof-1-missing/m3/tooling/migration-recipes/src/main/resources/com/m3/rewrite/backport/jdk21-hash-pinned-text/m3-string-canonical-dag-master-repair/03-invariants.py.txt
187e7881ad746920b508c9a69ff11f5be64fd3452d40cf9bd2ae446a20373231	1579	sources/recipe-recovery/current-runtime-checker-c0/evidence/semantic-v2/observations/proof-1-missing/m3/tooling/migration-recipes/src/main/resources/com/m3/rewrite/backport/jdk21-hash-pinned-text/m3-string-canonical-dag-master-repair/manifest.tsv
ec17add80f15d3267e9c39350c123320ce01238a78f8dd8113398d2e21b1276a	35163	sources/recipe-recovery/current-runtime-checker-c0/evidence/semantic-v2/observations/proof-1-missing/m3/tooling/migration-recipes/src/main/resources/com/m3/rewrite/backport/jdk21-hash-pinned-text/m3-string-history-convergence/03-invariants.py.txt
8d74f04f71d23b8c1df15afead88f77bffef7fb30b86774f513dedee6038d166	1196	sources/recipe-recovery/current-runtime-checker-c0/evidence/semantic-v2/observations/proof-1-missing/m3/tooling/migration-recipes/src/main/resources/com/m3/rewrite/backport/jdk21-hash-pinned-text/m3-string-history-convergence/manifest.tsv
b35c642045ab22b185ed228c8fcef62383f8eafdaca09fe7268c807f68936d12	221629	sources/recipe-recovery/current-runtime-checker-c0/evidence/semantic-v2/observations/proof-1-missing/src/java.base/share/classes/java/lang/String.java
1fd4c8d856e7de971c874936ef8561167041cd3c087e6ad8796d3225cc6087dc	51207	sources/recipe-recovery/current-runtime-checker-c0/evidence/semantic-v2/observations/proof-1-missing/test/jdk/java/lang/String/M3StringPrecomputeSearchTest.java
ac3d829f7aed357e3d5cc01bb2027ac3447c5962851441c11d8dd762f91df02f	1819	sources/recipe-recovery/current-runtime-checker-c0/evidence/semantic-v2/observations/proof-1-symlink/m3/runtime-integration/fix-root-ascii-case/Fix.py
6d1f13d20bca007ab2d0b358fdee7bf4bdc1d1e6003a87cb9451b5e7c2975194	778	sources/recipe-recovery/current-runtime-checker-c0/evidence/semantic-v2/observations/proof-1-symlink/m3/runtime-integration/fix-root-ascii-case/manifest.json
b44d65071df2d88f840f9bbfd7d3be1e5efd62017d1cc22fe2adf61160a63b05	2845	sources/recipe-recovery/current-runtime-checker-c0/evidence/semantic-v2/observations/proof-1-symlink/m3/runtime-integration/fix-root-ascii-case/pom.xml
6304b8d19e720e99f029add1fd3d01daaa4339eccd39732f4da387480e4d685e	2045	sources/recipe-recovery/current-runtime-checker-c0/evidence/semantic-v2/observations/proof-1-symlink/m3/runtime-integration/fix-root-ascii-case/runtime.patch
4db52d19878cbe9284a8f8aac8c705f87dc3888da2e8571c6afff8797029cfa1	5045	sources/recipe-recovery/current-runtime-checker-c0/evidence/semantic-v2/observations/proof-1-symlink/m3/runtime-integration/fix-root-ascii-case/test_fix.py
e2941c8efb9f65a886d2e6d70ef0a60efb3b74440a253c8b60da71e02b622eb0	2475	sources/recipe-recovery/current-runtime-checker-c0/evidence/semantic-v2/observations/proof-1-symlink/m3/runtime-integration/recipe/apply.py
13e26f49dac9f82ee8a01e828ead985a9896fcea195a27556741a88ea43ba74c	79672	sources/recipe-recovery/current-runtime-checker-c0/evidence/semantic-v2/observations/proof-1-symlink/m3/tooling/image-gates/current-c0.json
acd49abfe66383ae325ced5adf371716f76eb164749ddb2e19a0dcf5638a4e96	8723	sources/recipe-recovery/current-runtime-checker-c0/evidence/semantic-v2/observations/proof-1-symlink/m3/tooling/image-gates/src/test/python/test_current_context.py
924f82ab0df19c7c24a9c208c93880fab36da2c9216572c33b4219d6c0208f64	16970	sources/recipe-recovery/current-runtime-checker-c0/evidence/semantic-v2/observations/proof-1-symlink/m3/tooling/image-gates/verify-current.py
8015207ce502d22955f7f77697177e5939fa1e25be7cd74be89c639335ae48e6	12032	sources/recipe-recovery/current-runtime-checker-c0/evidence/semantic-v2/observations/proof-1-symlink/m3/tooling/migration-recipes/src/main/java/com/m3/rewrite/backport/M3Jdk21HashPinnedTextSnapshotRecipe.java
30f0399507a486fdcd01a90f4fdccaea5e1a0ec8bd81ed25661c00bdb4b59a0b	42045	sources/recipe-recovery/current-runtime-checker-c0/evidence/semantic-v2/observations/proof-1-symlink/m3/tooling/migration-recipes/src/main/resources/com/m3/rewrite/backport/jdk21-hash-pinned-text/m3-string-canonical-dag-master-repair/03-invariants.py.txt
187e7881ad746920b508c9a69ff11f5be64fd3452d40cf9bd2ae446a20373231	1579	sources/recipe-recovery/current-runtime-checker-c0/evidence/semantic-v2/observations/proof-1-symlink/m3/tooling/migration-recipes/src/main/resources/com/m3/rewrite/backport/jdk21-hash-pinned-text/m3-string-canonical-dag-master-repair/manifest.tsv
ec17add80f15d3267e9c39350c123320ce01238a78f8dd8113398d2e21b1276a	35163	sources/recipe-recovery/current-runtime-checker-c0/evidence/semantic-v2/observations/proof-1-symlink/m3/tooling/migration-recipes/src/main/resources/com/m3/rewrite/backport/jdk21-hash-pinned-text/m3-string-history-convergence/03-invariants.py.txt
8d74f04f71d23b8c1df15afead88f77bffef7fb30b86774f513dedee6038d166	1196	sources/recipe-recovery/current-runtime-checker-c0/evidence/semantic-v2/observations/proof-1-symlink/m3/tooling/migration-recipes/src/main/resources/com/m3/rewrite/backport/jdk21-hash-pinned-text/m3-string-history-convergence/manifest.tsv
b35c642045ab22b185ed228c8fcef62383f8eafdaca09fe7268c807f68936d12	221629	sources/recipe-recovery/current-runtime-checker-c0/evidence/semantic-v2/observations/proof-1-symlink/src/java.base/share/classes/java/lang/String.java
1fd4c8d856e7de971c874936ef8561167041cd3c087e6ad8796d3225cc6087dc	51207	sources/recipe-recovery/current-runtime-checker-c0/evidence/semantic-v2/observations/proof-1-symlink/test/jdk/java/lang/String/M3StringPrecomputeSearchTest.java
2ac36d0f4552779f04c0b4f8d340001c6b205f507e894d27b5c80e75553a9374	36206	sources/recipe-recovery/current-runtime-checker-c0/evidence/semantic-v2/observed-outputs.json
6d18baa1fc19de84c31e61a9641f4f6daaec142b96729117481a4617b433034a	3765	sources/recipe-recovery/current-runtime-checker-c0/evidence/semantic-v2/source-after.json
6d18baa1fc19de84c31e61a9641f4f6daaec142b96729117481a4617b433034a	3765	sources/recipe-recovery/current-runtime-checker-c0/evidence/semantic-v2/source-before.json
5c6b1bbdfdb6a125fe920baaed7b30dcf197c197aefb66a22a9faac60169c138	2159	sources/recipe-recovery/current-runtime-checker-c0/root-semantic-v1/RESULT.json
e3b0c44298fc1c149afbf4c8996fb92427ae41e4649b934ca495991b7852b855	0	sources/recipe-recovery/current-runtime-checker-c0/root-semantic-v1/stderr
96c580bfcdc48f6595992653b450dd67e4c453fda8455e68e1cd92042b1bb656	279	sources/recipe-recovery/current-runtime-checker-c0/root-semantic-v1/stdout
8040eecfbd3b4394c35a7e7f3ce43ecda60e3a9beeb40e7f6ec873f2c544cb95	2159	sources/recipe-recovery/current-runtime-checker-c0/root-semantic-v2/RESULT.json
e3b0c44298fc1c149afbf4c8996fb92427ae41e4649b934ca495991b7852b855	0	sources/recipe-recovery/current-runtime-checker-c0/root-semantic-v2/stderr
07e93ea130f689498957abb618ae69241d6114a67985e3207d24cde1a7cc499e	310	sources/recipe-recovery/current-runtime-checker-c0/root-semantic-v2/stdout
f1ec5d043db948050ac331f7a51066e6351f9444ea01ffa961cca786463207b1	20956	sources/recipe-recovery/current-runtime-checker-c0/semantic-authoring-v1/CAPTURE-DESIGN-v1.json
ba2af939ddbf0c17c356d6ee206bebc8b9c5f010dd36c1150d9342cbb805ef63	4879	sources/recipe-recovery/current-runtime-checker-c0/semantic-authoring-v1/HANDOFF-v3.json
cecd8c37daa8ca3ed32573c5ae7f4c997944c04655f6c17cc6958f0706848791	2579	sources/recipe-recovery/current-runtime-checker-c0/semantic-authoring-v1/ROOT-COMMAND-v1.json
e6d5cd67e157eb6192161e469b6a225e5c5c16cb4024e60f5eb4ae89d094d314	2579	sources/recipe-recovery/current-runtime-checker-c0/semantic-authoring-v1/ROOT-COMMAND-v2.json
639c4de7280ac074e2ab07d95187e8605e676bed7babbfbc258f1bf24a9ff3ef	2731	sources/recipe-recovery/current-runtime-checker-c0/semantic-authoring-v1/ROOT-COMMAND-v3.json
399b5eeb225a06ecbbf4f144a073ff7dc5d0957c990531dad55579a96341fe08	2731	sources/recipe-recovery/current-runtime-checker-c0/semantic-authoring-v1/ROOT-COMMAND-v4.json
2ffe67a18ca17a94100d8347aef931a1868c91812147193e84a952bd8c1ee61d	284336	sources/recipe-recovery/current-runtime-checker-c0/semantic-authoring-v1/RUNTIME-STATIC-CLOSURE-v2.json
6546c3e5f6d22c1b332dbf4855cfecdb223a34884d81943351eb2d84044b68a1	287095	sources/recipe-recovery/current-runtime-checker-c0/semantic-authoring-v1/RUNTIME-STATIC-CLOSURE-v3.json
f42e9ba4d81ba66180fa9a0aeacf76554ccc57bee91d0a1c8c4ff1e662e6cfbf	120047	sources/recipe-recovery/current-runtime-checker-c0/semantic-authoring-v1/SEMANTIC-PLAN-v1.json
b0932f555e97eb39920f8cb77a21962ee96b7271f6163bb6c242b1b92cffa1b6	120047	sources/recipe-recovery/current-runtime-checker-c0/semantic-authoring-v1/SEMANTIC-PLAN-v2.json
7b22e70a3ea9071ea1fb891a22e057262fa206a866485f3cce55e0ac8358f23e	120391	sources/recipe-recovery/current-runtime-checker-c0/semantic-authoring-v1/SEMANTIC-PLAN-v3.json
2a39e5803e2e7bfc6fab4bc467cf9f50b3005d79f2aa081e29e7f061b0f4e554	126297	sources/recipe-recovery/current-runtime-checker-c0/semantic-authoring-v1/SEMANTIC-PLAN-v4.json
3558550e49f566edc8ef9df9dbd63a392c3035929036b1fe74b145ffd255a341	3687	sources/recipe-recovery/current-runtime-checker-c0/semantic-authoring-v1/V4-OBSERVED-INPUT-DELTA.json
4008e2a8213767314feff4ca0487a13dbc0a755f38bcfadb3751833e26e651b1	5244	sources/recipe-recovery/current-runtime-checker-c0/semantic-authoring-v1/author_observed_locale_v4.py
732de58429239ead032464f86d150411e3890b8c1fb70261e8625ea46c8880c3	5707	sources/recipe-recovery/current-runtime-checker-c0/semantic-authoring-v1/emit_semantic_selection_v1.py
2c87ff9810f9746ac934769e3f5ed17e17d4816e54f5ee64386ce676fba77e74	5706	sources/recipe-recovery/current-runtime-checker-c0/semantic-authoring-v1/emit_semantic_selection_v2.py
f9bd78bb7c16a2e2c8042fc73304469ef27d38bc750c6206bbd6d7cfe539ac48	1568	sources/recipe-recovery/current-runtime-checker-c0/semantic-authoring-v1/observe_python_runtime.py
b1f929d3a3e6c2257930a362bef8ef89b2eb3315ee9ed813cbcca55dd0b7bc2c	1621	sources/recipe-recovery/current-runtime-checker-c0/semantic-authoring-v1/observe_python_runtime_v2.py
55aa064a6b68971fc8123f485f9ce68d0cc4ee6dc0ebbfbde4c256d57faa1e52	24914	sources/recipe-recovery/current-runtime-checker-c0/semantic-authoring-v1/rfc_semantic_capture_v1.py
f16bfafa415c5ecedbf47ed9498413146b4f7cd66297f0391431c067471bc225	25167	sources/recipe-recovery/current-runtime-checker-c0/semantic-authoring-v1/rfc_semantic_capture_v2.py
bd30b628d4aac3e486fbfb9d646b50c0dd92b742bb2071b2156307fe495f178b	25470	sources/recipe-recovery/current-runtime-checker-c0/semantic-authoring-v1/rfc_semantic_capture_v3.py
bd30b628d4aac3e486fbfb9d646b50c0dd92b742bb2071b2156307fe495f178b	25470	sources/recipe-recovery/current-runtime-checker-c0/semantic-authoring-v1/rfc_semantic_capture_v4.py
156e997a4d5ba6b6a64c307a39c2bc1b42f1aa4f1e81b2be6bbb4169e1d1b3a7	4230	sources/recipe-recovery/current-runtime-checker-c0/semantic-independent-review-v1/REVIEW.json
cc844db322026b5c4e11ec1505f661087e7b2c521d5f1a1bf72d773bd28f556c	2072	sources/recipe-recovery/current-runtime-checker-c0/semantic-independent-review-v1/V4-DELTA.json
94d646324e99622c72218b3698b7de495f5646875f8bcb73d409ffb42bc2ba89	2149	sources/recipe-recovery/current-runtime-checker-c0/semantic-selection-v2/BOUNDARY.json
fdaf5f4cd76e855f09bacba1c4a5e1efb53b143936f28399211395396d534bff	83818	sources/recipe-recovery/current-runtime-checker-c0/semantic-selection-v2/SEMANTIC-SELECTION.json
431cc3afae34ff8a2a48e6c807b88d38da810556e1ba3bc6f1ecf4eecd342e37	1191	sources/recipe-recovery/current-runtime-checker-c0/semantic-selection-v2/SYMLINK-CUSTODY.json
af3b2f69edd1dea81bb48f548dfee7c5f8c449c281dda0715012fcc02019c4af	640096	sources/recipe-recovery/current-string-c0/ROOT-READBACK-v1.json
209e53b63028c2c0c6a1d796fb10b648024d298e104296df6291ec14c1e6d8b1	881	sources/recipe-recovery/current-string-c0/evidence/producer-v1/PATCH.json
93a0a751404f26418165bcd9287b90287214d8c8f3213ce1baf1c975ccaa3fd6	7899	sources/recipe-recovery/current-string-c0/evidence/producer-v1/RESULT.json
acb6b13d302eb5e2281832bece0e95a8c08eed9112357b5ec4908d6556076088	5146	sources/recipe-recovery/current-string-c0/evidence/producer-v1/build-artifacts.json
d6797cc66f6b4145faea581f69aae9c58d211c750b6e38d9269842fbbf4b52db	1825	sources/recipe-recovery/current-string-c0/evidence/producer-v1/chain/01-static.json
e3b0c44298fc1c149afbf4c8996fb92427ae41e4649b934ca495991b7852b855	0	sources/recipe-recovery/current-string-c0/evidence/producer-v1/chain/01-static.stderr.log
c621fb5dd8109efe3d08ef5d3c02eea41f50554dcab82748f14fd59a7d22b3b8	519	sources/recipe-recovery/current-string-c0/evidence/producer-v1/chain/01-static.stdout.log
08b058df638f7796a623f4c2889443f0d9c2c9b419dd361be2086a8c04d42d71	2561	sources/recipe-recovery/current-string-c0/evidence/producer-v1/chain/02-compile.json
e3b0c44298fc1c149afbf4c8996fb92427ae41e4649b934ca495991b7852b855	0	sources/recipe-recovery/current-string-c0/evidence/producer-v1/chain/02-compile.stderr.log
7f70e44c34309dde839afa1675999e08589a0c144ee0a5133253c3b745468385	1419	sources/recipe-recovery/current-string-c0/evidence/producer-v1/chain/02-compile.stdout.log
54f06ce13586eb96b52050e61d8ce51d304c17a5f1e5bcbd1a122e9b166ae64b	2868	sources/recipe-recovery/current-string-c0/evidence/producer-v1/chain/03-tests.json
9ddf3781b5e43a87b1d67caac2bc4b251f9ce8d77c509c8369129f4b0359fd55	210	sources/recipe-recovery/current-string-c0/evidence/producer-v1/chain/03-tests.stderr.log
6bec82ad425ed71856ccef6525bd58065134ccee42fd5d28f74dedbf040d4677	1207	sources/recipe-recovery/current-string-c0/evidence/producer-v1/chain/03-tests.stdout.log
3764149872bf2c7e5f139550a94f5ac766b0ce04fe1c6a55f4d9a44a10053684	9949	sources/recipe-recovery/current-string-c0/evidence/producer-v1/chain/04-runtime.json
9ddf3781b5e43a87b1d67caac2bc4b251f9ce8d77c509c8369129f4b0359fd55	210	sources/recipe-recovery/current-string-c0/evidence/producer-v1/chain/04-runtime.stderr.log
6f41d4289e08e57e420e5b8bbb949400896a7078966d00dd714fd55f7d8fb02b	153	sources/recipe-recovery/current-string-c0/evidence/producer-v1/chain/04-runtime.stdout.log
0f98baf6c2c73f433ce33234c0be3bce09e7cb9fb2f207356fe4d2da0eacc646	11533	sources/recipe-recovery/current-string-c0/evidence/producer-v1/commands.json
3e9df04fcc1e555dc3ea245cb4dd0a9a1fc6d59635412796c5cfa2e0afd704ac	10215	sources/recipe-recovery/current-string-c0/evidence/producer-v1/generated-candidate/OUTPUT.json
ec7fdc7982fb909d4ce1727bbc233241149cbcdd056da5f79984245da4915477	167301	sources/recipe-recovery/current-string-c0/evidence/producer-v1/generated-candidate/candidate.patch
e3b0c44298fc1c149afbf4c8996fb92427ae41e4649b934ca495991b7852b855	0	sources/recipe-recovery/current-string-c0/evidence/producer-v1/generated-candidate/composition/Forward/01-Spc-replay.patch
ec7fdc7982fb909d4ce1727bbc233241149cbcdd056da5f79984245da4915477	167301	sources/recipe-recovery/current-string-c0/evidence/producer-v1/generated-candidate/composition/Forward/01-Spc.patch
e3b0c44298fc1c149afbf4c8996fb92427ae41e4649b934ca495991b7852b855	0	sources/recipe-recovery/current-string-c0/evidence/producer-v1/generated-candidate/composition/Reverse/01-Spc-replay.patch
ec7fdc7982fb909d4ce1727bbc233241149cbcdd056da5f79984245da4915477	167301	sources/recipe-recovery/current-string-c0/evidence/producer-v1/generated-candidate/composition/Reverse/01-Spc.patch
c0af7bc99ace3f9dcc5e0e9085d9bac66eeb1a497b2153a54bb11ca250916c14	778	sources/recipe-recovery/current-string-c0/evidence/producer-v1/generated-candidate/m3/runtime-integration/fix-root-ascii-case/manifest.json
dab4ded7bc1558a151376bc3b882403f22138981377249d85114fa9186cb7657	79659	sources/recipe-recovery/current-string-c0/evidence/producer-v1/generated-candidate/m3/tooling/image-gates/current-c0.json
1fd4c8d856e7de971c874936ef8561167041cd3c087e6ad8796d3225cc6087dc	51207	sources/recipe-recovery/current-string-c0/evidence/producer-v1/generated-candidate/m3/tooling/migration-recipes/src/main/resources/com/m3/rewrite/backport/jdk21-hash-pinned/jdk22-m3-string-history-convergence/03-M3StringPrecomputeSearchTest.java.txt
1a713463413df2684791ef1a214db69a7e5b23da888e61983c6b4902cef9c639	3300	sources/recipe-recovery/current-string-c0/evidence/producer-v1/generated-candidate/m3/tooling/migration-recipes/src/main/resources/com/m3/rewrite/backport/jdk21-hash-pinned/jdk22-m3-string-history-convergence/manifest.tsv
1fd4c8d856e7de971c874936ef8561167041cd3c087e6ad8796d3225cc6087dc	51207	sources/recipe-recovery/current-string-c0/evidence/producer-v1/generated-candidate/test/jdk/java/lang/String/M3StringPrecomputeSearchTest.java
21bd1e90d2a399d7bc91000889666c425a159b210a9634d8ad479d1de60d1932	545984	sources/recipe-recovery/current-string-c0/evidence/producer-v1/inputs.json
ca18abe2dbdac874980c0963a40e7d89b30f3b147056420fea7f37659125efd1	674	sources/recipe-recovery/current-string-c0/evidence/producer-v1/junit.json
c54039b95dcf606870baa17ed872d71f8ffd9d5fc33d2d5a8f7bd3e96ae28363	1401	sources/recipe-recovery/current-string-c0/evidence/producer-v1/project/README.md
8015207ce502d22955f7f77697177e5939fa1e25be7cd74be89c639335ae48e6	12032	sources/recipe-recovery/current-string-c0/evidence/producer-v1/project/dependency-source/com/m3/rewrite/backport/M3Jdk21HashPinnedTextSnapshotRecipe.java
876b6fd3cd13ab3dc134e8ae51706b5a399a491d5a6411443ae7f1e251fe15ba	3680	sources/recipe-recovery/current-string-c0/evidence/producer-v1/project/pom.xml
fa46f833f0831673553404263d9691819cb06e97e8638264e5a41ec55f049cd7	39816	sources/recipe-recovery/current-string-c0/evidence/producer-v1/project/proof.py
0e7206684835471b8e79c6a6262483be1030dafd48f235d57754da9be61e48d2	544	sources/recipe-recovery/current-string-c0/evidence/producer-v1/project/src/main/resources/META-INF/rewrite/sc0-orders.yml
11dbeb330e54fe09372b8ddf28014b67f4813ae9cdaa4509b112143d7b08e506	335	sources/recipe-recovery/current-string-c0/evidence/producer-v1/project/src/main/resources/META-INF/rewrite/sc0-spc.yml
6495988cb6ec9ba66659f4fd2a56fccf2735a944c2b6ed401b270eaec5db6a9e	1177	sources/recipe-recovery/current-string-c0/evidence/producer-v1/project/src/main/resources/com/m3/rewrite/backport/jdk21-hash-pinned-text/sc0-spc/manifest.tsv
c0af7bc99ace3f9dcc5e0e9085d9bac66eeb1a497b2153a54bb11ca250916c14	778	sources/recipe-recovery/current-string-c0/evidence/producer-v1/project/src/main/resources/com/m3/rewrite/backport/jdk21-hash-pinned-text/sc0-spc/target-1.txt
dab4ded7bc1558a151376bc3b882403f22138981377249d85114fa9186cb7657	79659	sources/recipe-recovery/current-string-c0/evidence/producer-v1/project/src/main/resources/com/m3/rewrite/backport/jdk21-hash-pinned-text/sc0-spc/target-2.txt
1fd4c8d856e7de971c874936ef8561167041cd3c087e6ad8796d3225cc6087dc	51207	sources/recipe-recovery/current-string-c0/evidence/producer-v1/project/src/main/resources/com/m3/rewrite/backport/jdk21-hash-pinned-text/sc0-spc/target-3.txt
1a713463413df2684791ef1a214db69a7e5b23da888e61983c6b4902cef9c639	3300	sources/recipe-recovery/current-string-c0/evidence/producer-v1/project/src/main/resources/com/m3/rewrite/backport/jdk21-hash-pinned-text/sc0-spc/target-4.txt
1fd4c8d856e7de971c874936ef8561167041cd3c087e6ad8796d3225cc6087dc	51207	sources/recipe-recovery/current-string-c0/evidence/producer-v1/project/src/main/resources/com/m3/rewrite/backport/jdk21-hash-pinned-text/sc0-spc/target-5.txt
cf01bc7b3334180ee17932ab71e18d3271f9fb766128dba2fbdc0891505eccff	439	sources/recipe-recovery/current-string-c0/evidence/producer-v1/project/src/main/resources/composition-orders.json
c5474bd26c5eb60316c35b548dcf7e5111cd9d614670797cd8f4cdf53244777f	3560	sources/recipe-recovery/current-string-c0/evidence/producer-v1/project/src/main/resources/qualification.json
28415a31b71b949d5ca7fb86e1baff7066acbff79c9067598b6589d8962b12b2	29474	sources/recipe-recovery/current-string-c0/evidence/producer-v1/project/src/test/java/com/synexia/rewrite/Sc0RecipeTest.java
55cf0228bc55016de89f71104895e3c9fd408ec05dc32640452914ca53f42170	778	sources/recipe-recovery/current-string-c0/evidence/producer-v1/project/src/test/resources/before/m3/runtime-integration/fix-root-ascii-case/manifest.json
0d8ad720976c1de51cf8accad95cc149a06abfe2187041fcc25d524c1f630e09	79652	sources/recipe-recovery/current-string-c0/evidence/producer-v1/project/src/test/resources/before/m3/tooling/image-gates/current-c0.json
1ed409eba2ba7135f22163288cc835b3f6c532f47bb2551ae1c4786fccd6079e	49580	sources/recipe-recovery/current-string-c0/evidence/producer-v1/project/src/test/resources/before/m3/tooling/migration-recipes/src/main/resources/com/m3/rewrite/backport/jdk21-hash-pinned/jdk22-m3-string-history-convergence/03-M3StringPrecomputeSearchTest.java.txt
d67ddc1cc759f042871c680d9510b929da4fd6b0523b43e966139cbe8ddace3b	3300	sources/recipe-recovery/current-string-c0/evidence/producer-v1/project/src/test/resources/before/m3/tooling/migration-recipes/src/main/resources/com/m3/rewrite/backport/jdk21-hash-pinned/jdk22-m3-string-history-convergence/manifest.tsv
825bf78d1684665fb85c3a93241700cb1e5d9403f9cb71603db7208303abcc56	51206	sources/recipe-recovery/current-string-c0/evidence/producer-v1/project/src/test/resources/before/test/jdk/java/lang/String/M3StringPrecomputeSearchTest.java
0e7206684835471b8e79c6a6262483be1030dafd48f235d57754da9be61e48d2	544	sources/recipe-recovery/current-string-c0/evidence/producer-v1/project/target/classes/META-INF/rewrite/sc0-orders.yml
11dbeb330e54fe09372b8ddf28014b67f4813ae9cdaa4509b112143d7b08e506	335	sources/recipe-recovery/current-string-c0/evidence/producer-v1/project/target/classes/META-INF/rewrite/sc0-spc.yml
6495988cb6ec9ba66659f4fd2a56fccf2735a944c2b6ed401b270eaec5db6a9e	1177	sources/recipe-recovery/current-string-c0/evidence/producer-v1/project/target/classes/com/m3/rewrite/backport/jdk21-hash-pinned-text/sc0-spc/manifest.tsv
c0af7bc99ace3f9dcc5e0e9085d9bac66eeb1a497b2153a54bb11ca250916c14	778	sources/recipe-recovery/current-string-c0/evidence/producer-v1/project/target/classes/com/m3/rewrite/backport/jdk21-hash-pinned-text/sc0-spc/target-1.txt
dab4ded7bc1558a151376bc3b882403f22138981377249d85114fa9186cb7657	79659	sources/recipe-recovery/current-string-c0/evidence/producer-v1/project/target/classes/com/m3/rewrite/backport/jdk21-hash-pinned-text/sc0-spc/target-2.txt
1fd4c8d856e7de971c874936ef8561167041cd3c087e6ad8796d3225cc6087dc	51207	sources/recipe-recovery/current-string-c0/evidence/producer-v1/project/target/classes/com/m3/rewrite/backport/jdk21-hash-pinned-text/sc0-spc/target-3.txt
1a713463413df2684791ef1a214db69a7e5b23da888e61983c6b4902cef9c639	3300	sources/recipe-recovery/current-string-c0/evidence/producer-v1/project/target/classes/com/m3/rewrite/backport/jdk21-hash-pinned-text/sc0-spc/target-4.txt
1fd4c8d856e7de971c874936ef8561167041cd3c087e6ad8796d3225cc6087dc	51207	sources/recipe-recovery/current-string-c0/evidence/producer-v1/project/target/classes/com/m3/rewrite/backport/jdk21-hash-pinned-text/sc0-spc/target-5.txt
cf01bc7b3334180ee17932ab71e18d3271f9fb766128dba2fbdc0891505eccff	439	sources/recipe-recovery/current-string-c0/evidence/producer-v1/project/target/classes/composition-orders.json
c5474bd26c5eb60316c35b548dcf7e5111cd9d614670797cd8f4cdf53244777f	3560	sources/recipe-recovery/current-string-c0/evidence/producer-v1/project/target/classes/qualification.json
fd894f340e5fbfd2a345cc6eb9da1d6702722e47a9529ffabce520cbffe39b3b	20534	sources/recipe-recovery/current-string-c0/evidence/producer-v1/project/target/surefire-reports/TEST-com.synexia.rewrite.Sc0RecipeTest.xml
55cf0228bc55016de89f71104895e3c9fd408ec05dc32640452914ca53f42170	778	sources/recipe-recovery/current-string-c0/evidence/producer-v1/project/target/test-classes/before/m3/runtime-integration/fix-root-ascii-case/manifest.json
0d8ad720976c1de51cf8accad95cc149a06abfe2187041fcc25d524c1f630e09	79652	sources/recipe-recovery/current-string-c0/evidence/producer-v1/project/target/test-classes/before/m3/tooling/image-gates/current-c0.json
1ed409eba2ba7135f22163288cc835b3f6c532f47bb2551ae1c4786fccd6079e	49580	sources/recipe-recovery/current-string-c0/evidence/producer-v1/project/target/test-classes/before/m3/tooling/migration-recipes/src/main/resources/com/m3/rewrite/backport/jdk21-hash-pinned/jdk22-m3-string-history-convergence/03-M3StringPrecomputeSearchTest.java.txt
d67ddc1cc759f042871c680d9510b929da4fd6b0523b43e966139cbe8ddace3b	3300	sources/recipe-recovery/current-string-c0/evidence/producer-v1/project/target/test-classes/before/m3/tooling/migration-recipes/src/main/resources/com/m3/rewrite/backport/jdk21-hash-pinned/jdk22-m3-string-history-convergence/manifest.tsv
825bf78d1684665fb85c3a93241700cb1e5d9403f9cb71603db7208303abcc56	51206	sources/recipe-recovery/current-string-c0/evidence/producer-v1/project/target/test-classes/before/test/jdk/java/lang/String/M3StringPrecomputeSearchTest.java
db0a4558ad18197fa4b384c0769f1468aaea3964b0a3f2e99a992c86c111aabd	4353	sources/recipe-recovery/current-string-c0/evidence/producer-v1/runtime.json
39002aa9f678fb576a54313cd845267f41dc51c70f34eece363c2547126c33eb	88027	sources/recipe-recovery/current-string-c0/evidence/producer-v1/spec.json
872f52e963199523911999a02f03ce07f783cf4a1339a08da017e8465bc8dd07	7921	sources/recipe-recovery/current-string-c0/evidence/producer-v1/staging.json
a39878bc400b9edff7dd3c1f7ff390fb74cec1e98380a54293580e41f82965e7	48199	sources/recipe-recovery/current-string-c0/semantic-authoring-v1/COMMAND-EXPECTATIONS.json
706eb265f9dd0c94f3666ec9ee9bd42e7092935db5c23b798e2d6620024a2ed5	48787	sources/recipe-recovery/current-string-c0/semantic-authoring-v2/COMMAND-EXPECTATIONS.json
f76f050ab6e00a667891c26e7cfb0f7e3ce980a5a0f16d658249e2e26238704f	4104	sources/recipe-recovery/current-string-c0/tooling-v1/TOOLCHAIN.json
243e41461ab1f7873d2014a5b105f88df33f4863b4e69272ef56561cd96bb56d	6979	sources/recipe-recovery/current-string-c0/tooling-v1/runtime-classpath.txt
9f9f7008d8b922325fe8fab43d4c18705b26311abd91526914ea98a67683441e	6160	sources/workspace-recovery-v1/git-base-c0/RESULT.json
