schema	phase	relation	source_path	source_git_blob	target_path	target_git_blob	relationship	license_class	copyright_class	state
M3JDK21_STRING_PHASE_V1	STRING	VALUE_OWNER	synexia-mindex/runtime/src/main/java/com/synexia/mindex/MIndexString.java	1840f12a3ea64750d829f6dd2bda7916fc25d9f5	src/java.base/share/classes/java/lang/M3String.java	d99a5080f153c24d3efaf37c30c26f9528563a38	ARCHITECTURAL_COUNTERPART	Apache-2.0	FIRST_PARTY_COPYRIGHTABLE_EXPRESSION	PINNED_MAPPING
M3JDK21_STRING_PHASE_V1	STRING	VALUE_POOL	synexia-mindex/runtime/src/main/java/com/synexia/mindex/MIndexStringPool.java	e7426c7b465d0ec217aa7b154b685a9f695a4288	src/java.base/share/classes/java/lang/M3StringPool.java	d97d0dd8f2c26599086ad817ed5d521b29593d2d	ARCHITECTURAL_COUNTERPART	Apache-2.0	FIRST_PARTY_COPYRIGHTABLE_EXPRESSION	PINNED_MAPPING
M3JDK21_STRING_PHASE_V1	STRING	VALUE_OWNER_BASE	synexia-mindex/runtime/src/main/java/com/synexia/mindex/MIndexStringPool.java	e7426c7b465d0ec217aa7b154b685a9f695a4288	src/java.base/share/classes/java/lang/M3StringOwner.java	acd2a9584c65c384ddebd9159a8775d196ea0f8c	TARGET_SPLIT_OWNER	Apache-2.0	FIRST_PARTY_COPYRIGHTABLE_EXPRESSION	PINNED_MAPPING
M3JDK21_STRING_PHASE_V1	STRING	VALUE_ATOM	synexia-mindex/runtime/src/main/java/com/synexia/mindex/MIndexStringPool.java	e7426c7b465d0ec217aa7b154b685a9f695a4288	src/java.base/share/classes/java/lang/M3StringAtom.java	7e7645497d08d55cf9b5174e4f04e11c87a06bae	TARGET_SPLIT_OWNER	Apache-2.0	FIRST_PARTY_COPYRIGHTABLE_EXPRESSION	PINNED_MAPPING
M3JDK21_STRING_PHASE_V1	STRING	VALUE_TUPLE	synexia-mindex/runtime/src/main/java/com/synexia/mindex/MIndexString.java	1840f12a3ea64750d829f6dd2bda7916fc25d9f5	src/java.base/share/classes/java/lang/M3StringTuple.java	0d4cfb75317e68d54244588a474eba98bf7df27b	TARGET_PERSISTENT_COMPOSITION	Apache-2.0	FIRST_PARTY_COPYRIGHTABLE_EXPRESSION	PINNED_MAPPING
M3JDK21_STRING_PHASE_V1	STRING	RANGE_VIEW	synexia-mindex/runtime/src/main/java/com/synexia/mindex/SubMIndexString.java	92fa09754c4f5f85f29509a7e6077a9f0ad08f8d	src/java.base/share/classes/java/lang/M3String.java	d99a5080f153c24d3efaf37c30c26f9528563a38	TARGET_OWNER_RANGE	Apache-2.0	FIRST_PARTY_COPYRIGHTABLE_EXPRESSION	PINNED_MAPPING
M3JDK21_STRING_PHASE_V1	STRING	FACTS_METADATA	synexia-mindex/runtime/src/main/java/com/synexia/mindex/MIndexStringMetadata.java	b2428c746f44d33ebed0289ff445ee57a454876e	src/java.base/share/classes/java/lang/M3StringFacts.java	763a76fb55a52576ca1a3edc48fcc214663f799e	DERIVED_FACTS_COUNTERPART	Apache-2.0	FIRST_PARTY_COPYRIGHTABLE_EXPRESSION	PINNED_MAPPING
M3JDK21_STRING_PHASE_V1	STRING	FACTS_TABLE	synexia-mindex/runtime/src/main/java/com/synexia/mindex/MIndexStringMetadataTable.java	3a7c31d3c94dce27fdb3e72f678644c830962c32	src/java.base/share/classes/java/lang/M3StringFacts.java	763a76fb55a52576ca1a3edc48fcc214663f799e	DERIVED_FACTS_COUNTERPART	Apache-2.0	FIRST_PARTY_COPYRIGHTABLE_EXPRESSION	PINNED_MAPPING
M3JDK21_STRING_PHASE_V1	STRING	PRECOMPUTE_CACHE	synexia-mindex/runtime/src/main/java/com/synexia/mindex/MIndexStringPrecomputeCache.java	0e777d4fe11e169aab7c495e334316e443142f16	src/java.base/share/classes/java/lang/M3StringSearchPrecompute.java	c45ae8696da18b15b7b9ee0267cc05aec1ae6c92	CONSUMER_SPLIT_PRECOMPUTE	Apache-2.0	FIRST_PARTY_COPYRIGHTABLE_EXPRESSION	PINNED_MAPPING
M3JDK21_STRING_PHASE_V1	STRING	PRECOMPUTE_IMAGE	synexia-mindex/runtime/src/main/java/com/synexia/mindex/MIndexStringPrecomputeImage.java	0bb97710e1f19c56cb4b93db6d2fd40a0b83f2a4	src/java.base/share/classes/java/lang/M3StringPositionPrecompute.java	c0074f4b144da23040e63e0ba8866d56d0d304ac	CONSUMER_SPLIT_PRECOMPUTE	Apache-2.0	FIRST_PARTY_COPYRIGHTABLE_EXPRESSION	PINNED_MAPPING
M3JDK21_STRING_PHASE_V1	STRING	PRECOMPUTE_PROFILE	synexia-mindex/runtime/src/main/java/com/synexia/mindex/MIndexStringPrecomputeProfile.java	3bf61751db3acbfd50f687e030bc9d6d98e49f84	src/java.base/share/classes/java/lang/M3StringCodePointPrecompute.java	6cbb277119f387aac772373d31621af64bea68d5	CONSUMER_SPLIT_PRECOMPUTE	Apache-2.0	FIRST_PARTY_COPYRIGHTABLE_EXPRESSION	PINNED_MAPPING
M3JDK21_STRING_PHASE_V1	STRING	SEARCH_INDEX	synexia-mindex/runtime/src/main/java/com/synexia/mindex/MIndexStringSearchIndex.java	12e72fa2893fe7c887bb99ead2c0af6bc97f921b	src/java.base/share/classes/jdk/internal/mindex/M3TQ.java	533a07b77061e757d476627557413f6df1067d34	SEARCH_GUARD_COUNTERPART	Apache-2.0	FIRST_PARTY_COPYRIGHTABLE_EXPRESSION	PINNED_MAPPING
M3JDK21_STRING_PHASE_V1	STRING	BRIDGE	synexia-mindex/runtime/src/main/java/com/synexia/mindex/MIndexStringBridge.java	52256ee3c64e6e1f06ebcb4141829bdef4e3552e	src/java.base/share/classes/jdk/internal/mindex/M3StringBacking.java	5daedbe16dfc9377783b52d932e548cc44f0b335	TARGET_BRIDGE	Apache-2.0	FIRST_PARTY_COPYRIGHTABLE_EXPRESSION	PINNED_MAPPING
M3JDK21_STRING_PHASE_V1	STRING	SHADOW	synexia-mindex/runtime/src/main/java/com/synexia/mindex/MIndexStringShadowOps.java	14a1dcc5f8d051334dc16dd40bf7f11d46a29fd8	src/java.base/share/native/libjava/String.c	69a57659e74c6433491932e64f15bc037e887d81	JNI_COMPATIBILITY_SHADOW	Apache-2.0	FIRST_PARTY_COPYRIGHTABLE_EXPRESSION	PINNED_MAPPING
