capability_id	plane	candidate	evidence_type	evidence_ref	upstream_join_key	packaging_candidate	status	selected_for_distribution	next_proof
BPT-MONITORS	CORE_BACKPORT	Virtual-thread monitor/pinning improvements	UPSTREAM_CAPABILITY	W6	JEP-491	JDK_SOURCE_NATIVE	PENDING_COMPATIBILITY_PROOF	false	Reconcile existing queue; prove monitor/JNI/JVMTI and locking dependency closure
BPT-HEADERS	CORE_BACKPORT	Compact object headers	UPSTREAM_CAPABILITY	W8	JEP-519	JDK_SOURCE_NATIVE	PENDING_COMPATIBILITY_PROOF	false	Reconcile VM/GC/JIT/CDS prerequisites and supported platform behavior
BPT-STARTUP	CORE_BACKPORT	AOT loading/linking and profile/startup improvements	UPSTREAM_CAPABILITY	W7	JEP-483;JEP-514;JEP-515	JDK_SOURCE_NATIVE	PENDING_COMPATIBILITY_PROOF	false	Preserve Java 21 contracts; prove class-loading and archive compatibility
BPT-TOOLS	CORE_BACKPORT	Existing jcmd/javadoc/serviceability backport packets	REPOSITORY_PACKET	R1;R3	JDK-8357439;JDK-8347112;JDK-8364182	JDK_TOOLING	PENDING_PACKET_RECONCILIATION	false	Use existing recipes and exact-head build/test receipts; do not duplicate packets
PACK-DESKTOP	OPTIONAL_PACK	Java-21-compatible JavaFX modules	UPSTREAM_CAPABILITY	W3;W4	UNKNOWN	MODULAR_JAR_AND_JMOD_AND_IMAGE	PENDING_ARTIFACT_PROOF	false	Pin release and complete native closure; test jmod/jlink and application launch
PACK-SERVER	OPTIONAL_PACK	Spring-compatible application dependency pack	ADOPTION_SURVEY	W5	UNKNOWN	MAVEN_BOM_AND_APPLICATION_PACK	PENDING_ARTIFACT_PROOF	false	Pin Spring/Maven fixture; inspect actual descriptors; no automatic JMOD claim
PACK-DIAGNOSTICS	TOOLING_PACK	Opt-in diagnostics/profiling integrations	MAINTAINER_PROPOSAL	R3;W8	UNKNOWN	EXTERNAL_TOOLING_PACK	PENDING_DEMAND_AND_ARTIFACT_PROOF	false	Collect exact user/tool demand and Java 21 attach/native compatibility evidence
PACK-SECURITY	OPTIONAL_PACK	Additional opt-in JCA providers	MAINTAINER_PROPOSAL	W9	UNKNOWN	MODULAR_JAR_OR_JMOD_AFTER_REVIEW	PENDING_DEMAND_AND_ARTIFACT_PROOF	false	Select provider from actual demand; validate license/signatures/order; no certification claim
PACK-M3INDEX	OPTIONAL_PACK	Eligible owned M3Index and Synexia capabilities	USER_REQUEST	R2;R3	m3/docs/name-mapping.json	MODULAR_JAR_AND_OPTIONAL_NATIVE_JMOD	PENDING_ARTIFACT_PROOF	false	Reuse canonical owners; reconcile M3 naming; prove stock-JDK21 behavior and native parity
PACK-REWRITE	TOOLING_PACK	Maven/OpenRewrite developer and migration pack	USER_REQUEST	R2;R3;W5	UNKNOWN	MAVEN_RECIPE_ARTIFACTS	PENDING_PACKET_RECONCILIATION	false	Reuse existing control plane; run recipe and composition tests; no runtime dependency
