capability	repository	commit	paths	license	classification	fit_evidence	gap	status
opt-in-string-runtime-restoration	https://github.com/hsoliwal/M3jdk21	3776d6e674d6c9b04539ca24aca2504aa88d4a57	m3/runtime-stage1; m3/runtime-segments; m3/runtime-integration; 25 src runtime paths	GPL-2.0 with applicable Classpath exception for runtime; Apache-2.0 for independent tooling	DIRECT_IMPORT	16 existing recipe tests; 37-path serial replay on exact master; candidate postimage equality; reverse to exact master; exact696matched complete Linux image build0; scoped native/API/GC/protocol/two-process/allocation gates; default upstream86Passed; evidence/20261002-candidate-696	master ancestry retained but runtime content omitted; full enabled conformance and reviewed merged-image acceptance remain pending	SCOPED_LINUX_PROVEN_FULL_ACCEPTANCE_PENDING
runtime-recipe-windows-portability	https://github.com/hsoliwal/M3jdk21	3776d6e674d6c9b04539ca24aca2504aa88d4a57	m3/runtime-segments/recipe/apply.py; m3/runtime-integration/recipe/apply.py; nested recipe test launchers	Apache-2.0	ADAPT	existing recursive tests reproduce CRLF postimage mismatch under global core.autocrlf=true and Windows Store python3 stub failure; unchanged 16-test recursive gate passes after adaptation	pin Git byte transformation locally; inherit the running Python executable; preserve all source guards and assertions	ADMITTED_WINDOWS_RECIPE_PROOF
mindex-rope-balance-reference	https://github.com/protocolbuffers/protobuf	4410315756395b70ef5ce5e406e6bba13067c32d	java/core/src/main/java/com/google/protobuf/RopeByteString.java	BSD-3-Clause	ALGORITHM_REFERENCE	zero-copy concatenation tree; Fibonacci depth/length balance; copy-small/reference-large policy	MIndex canonical identity remains atom/range IDs and exact Java UTF-16; no donor source copied	REVIEWED_FUTURE_BALANCE_DONOR
mindex-chunked-string-reference	https://github.com/abseil/abseil-cpp	1a8a725f5a42aba6be5791a604d39b6bbc22cefc	absl/strings/cord.h	Apache-2.0	ALGORITHM_REFERENCE	reference-counted chunk sharing; external-memory attachment; cheap sub-Cord; explicit copy-to-string/span boundary	C++ ownership/reference-counting model is not transplanted into GC-visible MIndex identity; no donor source copied	REVIEWED_STORAGE_LIFETIME_DONOR
mindex-composite-buffer-reference	https://github.com/netty/netty	658b5701cc6d4ee2dd94ab2809ec92f3636f68b4	buffer/src/main/java/io/netty/buffer/CompositeByteBuf.java	Apache-2.0	ALGORITHM_REFERENCE	component-indexed composite buffer; avoids bulk copy until explicit copied/NIO boundary	byte-buffer component model informs sequential segment traversal only; MIndex UTF-16 and String contracts remain authoritative	REVIEWED_COMPOSITE_BOUNDARY_DONOR
mindex-offheap-view-reference	https://github.com/OpenHFT/Chronicle-Bytes	e68ee4309a190f0589e2ded9a1af077b842d074d	src/main/java/net/openhft/chronicle/bytes/Bytes.java	Apache-2.0	ALGORITHM_REFERENCE	off-heap/mapped byte access; explicit resource lifetime; indexed/streaming text operations	Chronicle mutable/reference-counted API is not used as java.lang.String identity; no donor source copied	REVIEWED_OFFHEAP_LIFETIME_DONOR
jdk-string-materialization-authority	https://github.com/openjdk/jdk	01b363841a39e858628201adfa601ec5c8ffbba6	src/java.base/share/classes/java/lang/StringConcatHelper.java; src/java.base/share/classes/java/lang/StringUTF16.java; src/hotspot/share/prims/jni.cpp	GPL-2.0 with applicable Classpath exception for java.base	SEMANTIC_REFERENCE	one final destination allocation; exact Compact-String coder/UTF-16/JNI behavior	M3JDK is an OpenJDK derivative; current modified sources remain governed by their existing OpenJDK notices and license	AUTHORITATIVE_CONTRACT_REFERENCE
mindex-addressed-utf8-reference	https://github.com/apache/spark	523ab88c17914e59ceed7094b2b2ae004c8a9178	common/unsafe/src/main/java/org/apache/spark/unsafe/types/UTF8String.java; common/unsafe/src/main/java/org/apache/spark/unsafe/types/ByteArray.java	Apache-2.0	ALGORITHM_REFERENCE	base-object plus offset/length addressing; off-heap-capable fromAddress; cached UTF-8 facts; explicit owned-byte copy boundary	Spark UTF8String uses UTF-8/code-point semantics and is not a java.lang.String implementation; MIndex retains exact Java UTF-16 code-unit contract and canonical atom identity	REVIEWED_ADDRESSED_TEXT_DONOR
jni-string-mindex-admission	https://github.com/openjdk/jdk	890adb6410dab4606a4f26a942aed02fb2f55387	src/hotspot/share/prims/jni.cpp; src/hotspot/share/classfile/javaClasses.cpp; src/java.base/share/classes/java/lang/String.java	GPL-2.0 with applicable Classpath exception for java.base	ADAPT	JNI NewString/NewStringUTF remain semantic authorities; M3 attaches existing canonical String storage only after ordinary construction and bootstrap gates	upstream does not attach external canonical descriptor storage; M3 VM-private hook and compatibility-backing replacement are fork-local	ADMITTED_CONTRACT_EXTENSION
lexicon-export-synexia-first-party	https://github.com/hsoliwal/com.synexia	3e85c872adf556901a341a9eb1c3b59864918da1	synexia-dictlang/shared/api; synexia-dictlang/shared/core; synexia-dictlang/shared/bridge-hf; synexia-unicodex/docs/langdex; synexia-indexstring/src/main/java/com/synexia/indexstring/precompute; synexia-interned-language/src/main/java/com/synexia/language	Apache-2.0	ADAPT	Synexia is the canonical converged donor; deterministic exporter preserves source names, opaque IDs, mappings and precompute profiles; SYNEXIA_M3JDK_LEXICON_EXPORT proof covers 10001 numbers, image/hash/mapping/conflict/replay	bulk datasets remain operator-supplied and are not copied; full source snapshot admission remains separately licensed and hash-pinned	ADMITTED_SYNEXIA_CANONICAL_EXPORT_PROOF
sharded-m3lex-catalog-synexia-first-party	https://github.com/hsoliwal/com.synexia	3e85c872adf556901a341a9eb1c3b59864918da1	synexia-dictlang/shared/core/src/main/java/com/synexia/dictshared/core/MappedLexicon.java; synexia-indexstring/src/main/java/com/synexia/indexstring/IndexLexiconCatalog.java	Apache-2.0	ADAPT	Synexia donor validates immutable mapped lexicon bounds/checksums and keeps stable namespace paths; M3 adapter composes existing M3LEX images and retains shard coordinates without copying payloads	Synexia pack format and IDs are not transplanted; M3LEX/JDK UTF-16 contract remains authoritative; catalog is read-only and image materialization remains explicit	ADMITTED_CATALOG_ADAPTER_PROOF
synexia-sidecar-metadata-catalog	https://github.com/hsoliwal/com.synexia	3e85c872adf556901a341a9eb1c3b59864918da1	synexia-dictlang/shared/core/src/main/java/com/synexia/dictshared/core/AcronymLexicon.java; synexia-dictlang/shared/api/src/main/java/com/synexia/dictshared/api/SiUnit.java; synexia-translate/src/main/java/com/synexia/translate/core/Language.java; synexia-indexstring/src/main/java/com/synexia/indexstring/precompute	Apache-2.0	ADAPT	Synexia is the canonical metadata donor; M3 retains one-to-many source mappings, translation profiles and precompute facts at immutable shard coordinates	Source-specific resolver IDs and Synexia runtime objects remain outside the JDK catalog; Python exporter/verifier remains the cross-language fact authority	ADMITTED_METADATA_CATALOG_PROOF
synexia-precompute-profile-catalog	https://github.com/hsoliwal/com.synexia	3e85c872adf556901a341a9eb1c3b59864918da1	synexia-dictlang/shared/api/src/main/java/com/synexia/dictshared/api/PrecomputeIndexCatalog.java; synexia-dictlang/shared/api/src/main/java/com/synexia/dictshared/api/PrecomputeIndexDescriptor.java; synexia-dictlang/shared/core/src/main/java/com/synexia/dictshared/core/PrecomputeCatalogBuilder.java; synexia-dictlang/shared/core/src/main/java/com/synexia/dictshared/core/UniversalPrecomputeFabric.java	Apache-2.0	ADAPT	Synexia descriptor/catalog shape is adapted to preserve exact precompute-owner profiles and deterministic coverage fingerprints in M3 export sidecars; Python source-blind and Java catalog proof passes; Java catalog validates exact profile components rather than substring matches	M3 does not transplant Synexia query engines, postings, semantic tables or resolver IDs; this adapter is descriptor/coverage metadata only	ADMITTED_PROFILE_CATALOG_PROOF
synexia-precompute-payload-sidecar	https://github.com/hsoliwal/com.synexia	3e85c872adf556901a341a9eb1c3b59864918da1	synexia-indexstring/src/main/java/com/synexia/indexstring/IndexWordFacts.java; synexia-indexstring/src/main/java/com/synexia/indexstring/IndexWordSignalProfile.java; synexia-indexstring/src/main/java/com/synexia/indexstring/IndexWordSignalEnrichment.java; synexia-indexstring/src/main/java/com/synexia/indexstring/IndexWordSignalFlags.java; synexia-unicodex/src/main/java/com/synexia/unicodex/langdex/LangDexProjection.java; synexia-unicodex/src/main/java/com/synexia/unicodex/langdex/LangDexWordProfile.java; synexia-unicodex/src/main/java/com/synexia/unicodex/langdex/LangDexLexicalProfile.java; synexia-unicodex/src/main/java/com/synexia/unicodex/langdex/LangDexTranslation.java; synexia-dictlang/shared/api/src/main/java/com/synexia/dictshared/api/SiUnit.java; synexia-dictlang/shared/api/src/main/java/com/synexia/dictshared/api/SiDimension.java	Apache-2.0	ADAPT	Synexia owner-level language, LangDex, and SI primitive facts are preserved as operator-supplied canonical JSON at the existing immutable source mapping coordinate; 16 Python tests and Java FoundationTest checks=70490 cover legacy/default payloads, rich fields, canonical replay, quoted TSV, source-blind rejection, required-field coverage, field-map lineage, donor type/cardinality metadata, boolean/double scalar shapes and wrong-shape rejection	M3 stores the payload opaquely outside java.lang.String and does not invent or interpret corpus, morphology, relation or semantic values; payload size, JSON shape, Java scalar-width/finite shape, and reviewed IndexWord/LangDex/SiUnit source-field coverage are bounded	ADMITTED_PRECOMPUTE_PAYLOAD_PROOF
synexia-prefix-query-catalog	https://github.com/hsoliwal/com.synexia	3e85c872adf556901a341a9eb1c3b59864918da1	synexia-dictlang/shared/core/src/main/java/com/synexia/dictshared/core/UniversalPrecomputeFabric.java; synexia-dictlang/shared/core/src/main/java/com/synexia/dictshared/core/PrecomputeCatalogBuilder.java	Apache-2.0	ADAPT	Synexia sorted prefix-query contract is adapted to binary-search mapped M3LEX records and return stable shard/image coordinates without flattening payloads	M3 returns physical coordinates, not Synexia resolver IDs or semantic Lexeme objects; exact UTF-16 verification remains authoritative	ADMITTED_PREFIX_QUERY_PROOF
