inventory_id	source_commit	module	path	git_blob_sha1	artifact_kind	fully_qualified_symbol	classification	migration_disposition	reason
synexia-mindex-indexstring-bridge:docs/evidence/FINAL_REPORT.md	75fb1abaecb56969bea2914520bbe819f130632b	synexia-mindex-indexstring-bridge	docs/evidence/FINAL_REPORT.md	d24ab49100d7c4d41fd3f3ddee41d09731244cdf	documentation		partial	evidence_only	documentation exists; does not prove runtime implementation
synexia-mindex-indexstring-bridge:docs/evidence/INVENTORY.tsv	75fb1abaecb56969bea2914520bbe819f130632b	synexia-mindex-indexstring-bridge	docs/evidence/INVENTORY.tsv	bab5f86147e2ff0feca48626bdd450c468bc4e42	documentation		partial	evidence_only	documentation exists; does not prove runtime implementation
synexia-mindex-indexstring-bridge:docs/evidence/POST_MERGE_STATE.tsv	75fb1abaecb56969bea2914520bbe819f130632b	synexia-mindex-indexstring-bridge	docs/evidence/POST_MERGE_STATE.tsv	a9fcdd7153104cb5e3497a7f5152d4b39da09c6a	documentation		partial	evidence_only	documentation exists; does not prove runtime implementation
synexia-mindex-indexstring-bridge:docs/evidence/PROVENANCE.tsv	75fb1abaecb56969bea2914520bbe819f130632b	synexia-mindex-indexstring-bridge	docs/evidence/PROVENANCE.tsv	d8b3136046b7ef0b3035ecbc4550ff226d43629f	documentation		partial	evidence_only	documentation exists; does not prove runtime implementation
synexia-mindex-indexstring-bridge:docs/evidence/STATUS.tsv	75fb1abaecb56969bea2914520bbe819f130632b	synexia-mindex-indexstring-bridge	docs/evidence/STATUS.tsv	144d7378d2b33f9ceb942e3215ec8cf684c64bd3	documentation		partial	evidence_only	documentation exists; does not prove runtime implementation
synexia-mindex-indexstring-bridge:docs/evidence/VERIFY_CONTRACT.tsv	75fb1abaecb56969bea2914520bbe819f130632b	synexia-mindex-indexstring-bridge	docs/evidence/VERIFY_CONTRACT.tsv	a0aac6a06ff2cb596b4ddc329c1ac4ead7fe8198	documentation		partial	evidence_only	documentation exists; does not prove runtime implementation
synexia-mindex-indexstring-bridge:docs/MINDEX_COORDINATE_SPACE_DONOR_PROVENANCE.md	75fb1abaecb56969bea2914520bbe819f130632b	synexia-mindex-indexstring-bridge	docs/MINDEX_COORDINATE_SPACE_DONOR_PROVENANCE.md	da177cdfa4c466114846365b986e4a9551215320	documentation		partial	evidence_only	documentation exists; does not prove runtime implementation
synexia-mindex-indexstring-bridge:docs/MINDEX_DAG_DEFERRED_SWAP.md	75fb1abaecb56969bea2914520bbe819f130632b	synexia-mindex-indexstring-bridge	docs/MINDEX_DAG_DEFERRED_SWAP.md	5a2f015e0914caca550c4d6cee4c4a1f4f346716	documentation		partial	evidence_only	documentation exists; does not prove runtime implementation
synexia-mindex-indexstring-bridge:docs/MINDEX_LEXICON_COORDINATE_SPACE.md	75fb1abaecb56969bea2914520bbe819f130632b	synexia-mindex-indexstring-bridge	docs/MINDEX_LEXICON_COORDINATE_SPACE.md	784e277cf08730471abc86a0685e872e1d7a09a0	documentation		partial	evidence_only	documentation exists; does not prove runtime implementation
synexia-mindex-indexstring-bridge:docs/MINDEX_STRING_CONVERSION_RECEIPTS.md	75fb1abaecb56969bea2914520bbe819f130632b	synexia-mindex-indexstring-bridge	docs/MINDEX_STRING_CONVERSION_RECEIPTS.md	c19f55d9dab70797af2862db3e080e0a420643f9	documentation		partial	evidence_only	documentation exists; does not prove runtime implementation
synexia-mindex-indexstring-bridge:pom.xml	75fb1abaecb56969bea2914520bbe819f130632b	synexia-mindex-indexstring-bridge	pom.xml	5f07a2626e3e1888c942495bef3146f0d1d7ce79	support		partial	pending_contract_review	discovered in pinned active module tree; semantic/API review pending
synexia-mindex-indexstring-bridge:README.md	75fb1abaecb56969bea2914520bbe819f130632b	synexia-mindex-indexstring-bridge	README.md	063e63aeac633f0373dfc71584c3478ac9d8d2a6	support		partial	pending_contract_review	discovered in pinned active module tree; semantic/API review pending
synexia-mindex-indexstring-bridge:src/main/java/com/synexia/mindex/indexstring/MIndexCanonicalBridge.java	75fb1abaecb56969bea2914520bbe819f130632b	synexia-mindex-indexstring-bridge	src/main/java/com/synexia/mindex/indexstring/MIndexCanonicalBridge.java	925e48880e091ce6410646e3f63fb61c8a3c9471	production	com.synexia.mindex.indexstring.MIndexCanonicalBridge	implemented	mapped_core_owner	contract reviewed and represented in migration-mappings-v1.json
synexia-mindex-indexstring-bridge:src/main/java/com/synexia/mindex/indexstring/MIndexDagDeferredSwap.java	75fb1abaecb56969bea2914520bbe819f130632b	synexia-mindex-indexstring-bridge	src/main/java/com/synexia/mindex/indexstring/MIndexDagDeferredSwap.java	2cd87536947f10d5be2095cd114606923ed4ee10	production	com.synexia.mindex.indexstring.MIndexDagDeferredSwap	partial	pending_contract_review	discovered in pinned active module tree; semantic/API review pending
synexia-mindex-indexstring-bridge:src/main/java/com/synexia/mindex/indexstring/MIndexDagPage.java	75fb1abaecb56969bea2914520bbe819f130632b	synexia-mindex-indexstring-bridge	src/main/java/com/synexia/mindex/indexstring/MIndexDagPage.java	efdb2aba9d2cbfbd35ff544cb912758edd0ca991	production	com.synexia.mindex.indexstring.MIndexDagPage	partial	pending_contract_review	discovered in pinned active module tree; semantic/API review pending
synexia-mindex-indexstring-bridge:src/main/java/com/synexia/mindex/indexstring/MIndexDagPageCodec.java	75fb1abaecb56969bea2914520bbe819f130632b	synexia-mindex-indexstring-bridge	src/main/java/com/synexia/mindex/indexstring/MIndexDagPageCodec.java	608ea23a020554eb6190f6a9e5eb5a35b2a46587	production	com.synexia.mindex.indexstring.MIndexDagPageCodec	partial	pending_contract_review	discovered in pinned active module tree; semantic/API review pending
synexia-mindex-indexstring-bridge:src/main/java/com/synexia/mindex/indexstring/MIndexKnowledgeArgumentCompiler.java	75fb1abaecb56969bea2914520bbe819f130632b	synexia-mindex-indexstring-bridge	src/main/java/com/synexia/mindex/indexstring/MIndexKnowledgeArgumentCompiler.java	75ec30e5a67923c6ad421ab8ab8d91e6dd420a83	production	com.synexia.mindex.indexstring.MIndexKnowledgeArgumentCompiler	partial	pending_contract_review	discovered in pinned active module tree; semantic/API review pending
synexia-mindex-indexstring-bridge:src/main/java/com/synexia/mindex/indexstring/MIndexKnowledgeArguments.java	75fb1abaecb56969bea2914520bbe819f130632b	synexia-mindex-indexstring-bridge	src/main/java/com/synexia/mindex/indexstring/MIndexKnowledgeArguments.java	134a9e7541672e21eef7cb0551f6f122b737b7f4	production	com.synexia.mindex.indexstring.MIndexKnowledgeArguments	partial	pending_contract_review	discovered in pinned active module tree; semantic/API review pending
synexia-mindex-indexstring-bridge:src/main/java/com/synexia/mindex/indexstring/MIndexLexiconCoordinateCompilerCli.java	75fb1abaecb56969bea2914520bbe819f130632b	synexia-mindex-indexstring-bridge	src/main/java/com/synexia/mindex/indexstring/MIndexLexiconCoordinateCompilerCli.java	5e01d6d2d2fad1ebe3535e1f55b7c37426d216a7	production	com.synexia.mindex.indexstring.MIndexLexiconCoordinateCompilerCli	partial	pending_contract_review	discovered in pinned active module tree; semantic/API review pending
synexia-mindex-indexstring-bridge:src/main/java/com/synexia/mindex/indexstring/MIndexLexiconCoordinateManifest.java	75fb1abaecb56969bea2914520bbe819f130632b	synexia-mindex-indexstring-bridge	src/main/java/com/synexia/mindex/indexstring/MIndexLexiconCoordinateManifest.java	c31592b96a1ef6b4b654211ec0c66a3ea41a1d73	production	com.synexia.mindex.indexstring.MIndexLexiconCoordinateManifest	partial	pending_contract_review	discovered in pinned active module tree; semantic/API review pending
synexia-mindex-indexstring-bridge:src/main/java/com/synexia/mindex/indexstring/MIndexLexiconCoordinatePublisher.java	75fb1abaecb56969bea2914520bbe819f130632b	synexia-mindex-indexstring-bridge	src/main/java/com/synexia/mindex/indexstring/MIndexLexiconCoordinatePublisher.java	bd8ee3b608ebca9f2be6464fc3fa3096b9d73c28	production	com.synexia.mindex.indexstring.MIndexLexiconCoordinatePublisher	partial	pending_contract_review	discovered in pinned active module tree; semantic/API review pending
synexia-mindex-indexstring-bridge:src/main/java/com/synexia/mindex/indexstring/MIndexLexiconCoordinateSpace.java	75fb1abaecb56969bea2914520bbe819f130632b	synexia-mindex-indexstring-bridge	src/main/java/com/synexia/mindex/indexstring/MIndexLexiconCoordinateSpace.java	d6f0672ceb7847ca2c6add49ed77bacde24f6c40	production	com.synexia.mindex.indexstring.MIndexLexiconCoordinateSpace	partial	pending_contract_review	discovered in pinned active module tree; semantic/API review pending
synexia-mindex-indexstring-bridge:src/main/java/com/synexia/mindex/indexstring/MIndexRuntimeStructuralAdapterProvider.java	75fb1abaecb56969bea2914520bbe819f130632b	synexia-mindex-indexstring-bridge	src/main/java/com/synexia/mindex/indexstring/MIndexRuntimeStructuralAdapterProvider.java	d4fd03625269406d8d6d73c9b9f4cc343c2f1568	production	com.synexia.mindex.indexstring.MIndexRuntimeStructuralAdapterProvider	partial	pending_contract_review	discovered in pinned active module tree; semantic/API review pending
synexia-mindex-indexstring-bridge:src/main/java/com/synexia/mindex/indexstring/MIndexStringConversionBridge.java	75fb1abaecb56969bea2914520bbe819f130632b	synexia-mindex-indexstring-bridge	src/main/java/com/synexia/mindex/indexstring/MIndexStringConversionBridge.java	eb7884f68b5a5b0d6f34be47c17326cf4d6222ee	production	com.synexia.mindex.indexstring.MIndexStringConversionBridge	implemented	mapped_core_owner	contract reviewed and represented in migration-mappings-v1.json
synexia-mindex-indexstring-bridge:src/test/java/com/synexia/mindex/indexstring/MIndexCanonicalBridgeTest.java	75fb1abaecb56969bea2914520bbe819f130632b	synexia-mindex-indexstring-bridge	src/test/java/com/synexia/mindex/indexstring/MIndexCanonicalBridgeTest.java	ba8e190f4cde80ec0bc32d17b8c61e2e26ad20c5	test		implemented	dependency_test	existing test/support evidence; target coverage mapping pending
synexia-mindex-indexstring-bridge:src/test/java/com/synexia/mindex/indexstring/MIndexDagDeferredSwapTest.java	75fb1abaecb56969bea2914520bbe819f130632b	synexia-mindex-indexstring-bridge	src/test/java/com/synexia/mindex/indexstring/MIndexDagDeferredSwapTest.java	78a2164f4aadb30e9ef4b01f01899d70759b0ff9	test		implemented	dependency_test	existing test/support evidence; target coverage mapping pending
synexia-mindex-indexstring-bridge:src/test/java/com/synexia/mindex/indexstring/MIndexKnowledgeArgumentCompilerTest.java	75fb1abaecb56969bea2914520bbe819f130632b	synexia-mindex-indexstring-bridge	src/test/java/com/synexia/mindex/indexstring/MIndexKnowledgeArgumentCompilerTest.java	052226a53d14115ebad661273dad59b380d1a3c2	test		implemented	dependency_test	existing test/support evidence; target coverage mapping pending
synexia-mindex-indexstring-bridge:src/test/java/com/synexia/mindex/indexstring/MIndexLexiconCoordinateSpaceTest.java	75fb1abaecb56969bea2914520bbe819f130632b	synexia-mindex-indexstring-bridge	src/test/java/com/synexia/mindex/indexstring/MIndexLexiconCoordinateSpaceTest.java	d675ca7042c883260ad9feaf831b263501fff2ab	test		implemented	dependency_test	existing test/support evidence; target coverage mapping pending
synexia-mindex-indexstring-bridge:src/test/java/com/synexia/mindex/indexstring/MIndexStringConversionBridgeTest.java	75fb1abaecb56969bea2914520bbe819f130632b	synexia-mindex-indexstring-bridge	src/test/java/com/synexia/mindex/indexstring/MIndexStringConversionBridgeTest.java	452e4b47d66fffb8c8d5498ee285ec39a77f31b1	test		implemented	dependency_test	existing test/support evidence; target coverage mapping pending
