packet_id	atom_id	scope	scope_promotion_approved	work_ref	depends_on
release-jep-denominator-v2	authority	FILE	false	M3Jdk21HashPinnedTextSnapshotRecipe:release-jep-denominator-authority	
release-jep-denominator-v2	authority-code	FILE	false	M3Jdk21HashPinnedTextSnapshotRecipe:release-jep-denominator-authority-code	
release-jep-denominator-v2	authority-test	FILE	false	M3Jdk21HashPinnedTextSnapshotRecipe:release-jep-denominator-authority-test	authority-code
release-jep-denominator-v2	passes	FILE	false	M3Jdk21HashPinnedTextSnapshotRecipe:release-jep-denominator-passes	
release-jep-denominator-v2	catalogue	FILE	false	M3Jdk21HashPinnedTextSnapshotRecipe:release-jep-denominator-catalogue	authority
release-jep-denominator-v2	queue	FILE	false	M3Jdk21HashPinnedTextSnapshotRecipe:release-jep-denominator-queue	authority,catalogue,passes
release-jep-denominator-v2	status-code	FILE	false	M3Jdk21HashPinnedTextSnapshotRecipe:release-jep-denominator-status-code	authority-code,catalogue,queue
release-jep-denominator-v2	status-test	FILE	false	M3Jdk21HashPinnedTextSnapshotRecipe:release-jep-denominator-status-test	status-code
release-jep-denominator-v2	status-report	FILE	false	M3Jdk21HashPinnedTextSnapshotRecipe:release-jep-denominator-status-report	authority,catalogue,queue
release-jep-denominator-v2	verifier	FILE	false	M3Jdk21HashPinnedTextSnapshotRecipe:release-jep-denominator-verifier	authority-code,catalogue,queue,passes
release-jep-denominator-v2	readme	FILE	false	M3Jdk21HashPinnedTextSnapshotRecipe:release-jep-denominator-readme	authority,catalogue,queue
release-jep-denominator-v2	module-join	MODULE	true	com.m3.rewrite.backport.M3ReleaseJepDenominatorRecipe	authority,authority-code,authority-test,passes,catalogue,queue,status-code,status-test,status-report,verifier,readme
