schema	canonical_repository	target_repository	local_surface	disposition	canonical_owner	license	handoff_required
M3JDK21_SYNEXIA_RECIPE_HOME_V1	hsoliwal/com.synexia	hsoliwal/M3jdk21	m3/tooling/migration-recipes/src/main/java/com/m3/rewrite/scope/**	MIGRATION_RESIDUE_NOT_CANONICAL	com.synexia.rewrite.M3RecipeFirstInvariant	Apache-2.0	true
M3JDK21_SYNEXIA_RECIPE_HOME_V1	hsoliwal/com.synexia	hsoliwal/M3jdk21	m3/tooling/migration-recipes/src/main/java/com/m3/rewrite/atom/**	MIGRATION_RESIDUE_NOT_CANONICAL	com.synexia.rewrite.M3RepositoryAtomizePatternizeRecipe	Apache-2.0	true
M3JDK21_SYNEXIA_RECIPE_HOME_V1	hsoliwal/com.synexia	hsoliwal/M3jdk21	m3/tooling/a3/src/main/java/com/m3/a3/A3Lab.java	TARGET_PROOF_CONSUMER	com.synexia.rewrite.atom	Apache-2.0	true
M3JDK21_SYNEXIA_RECIPE_HOME_V1	hsoliwal/com.synexia	hsoliwal/M3jdk21	m3/tooling/migration-recipes/src/main/java/com/m3/rewrite/semantic/**	MIGRATION_RESIDUE_NOT_CANONICAL	com.synexia.rewrite.semantic.M3SemanticHashRecipe	Apache-2.0	true
M3JDK21_SYNEXIA_RECIPE_HOME_V1	hsoliwal/com.synexia	hsoliwal/M3jdk21	m3/tooling/migration-recipes/src/main/java/com/m3/rewrite/a3/**	MIGRATION_RESIDUE_NOT_CANONICAL	com.synexia.rewrite.M3AlgorithmRecipeFirstFullReviewRecipe	Apache-2.0	true
M3JDK21_SYNEXIA_RECIPE_HOME_V1	hsoliwal/com.synexia	hsoliwal/M3jdk21	m3/tooling/migration-recipes/src/main/java/com/m3/rewrite/synexia/**	RECEIVER_ADAPTER_ONLY	com.synexia.rewrite.M3JdkHandoff	Apache-2.0	true
M3JDK21_SYNEXIA_RECIPE_HOME_V1	hsoliwal/com.synexia	hsoliwal/M3jdk21	m3/tooling/migration-recipes/src/main/java/com/m3/rewrite/backport/**	JDK_TARGET_SPECIFIC	com.synexia.rewrite.M3Jdk21GitBlobRecipeCratePlanner	Apache-2.0	false
M3JDK21_SYNEXIA_RECIPE_HOME_V1	hsoliwal/com.synexia	hsoliwal/M3jdk21	m3/indexdb/**	MIGRATION_RESIDUE_NOT_CANONICAL	com.synexia:synexia-m3index-db	Apache-2.0	true
M3JDK21_SYNEXIA_RECIPE_HOME_V1	hsoliwal/com.synexia	hsoliwal/M3jdk21	m3/ports/**	TARGET_PRODUCT_ADAPTER	com.synexia:synexia-m3index-jdk-bridge	Apache-2.0	true
M3JDK21_SYNEXIA_RECIPE_HOME_V1	hsoliwal/com.synexia	hsoliwal/M3jdk21	m3/tooling/migration-recipes/src/main/java/com/m3/rewrite/M3Java21ConvergenceCatalog.java	MIGRATION_RESIDUE_NOT_CANONICAL	com.synexia.rewrite.M3CanonicalMultiPassPlan	Apache-2.0	true
M3JDK21_SYNEXIA_RECIPE_HOME_V1	hsoliwal/com.synexia	hsoliwal/M3jdk21	m3/tooling/migration-recipes/src/main/java/com/m3/rewrite/M3Java21ConvergenceRecipe.java	MIGRATION_RESIDUE_NOT_CANONICAL	com.synexia.rewrite.M3RepositoryJava21ConvergenceRecipe	Apache-2.0	true
M3JDK21_SYNEXIA_RECIPE_HOME_V1	hsoliwal/com.synexia	hsoliwal/M3jdk21	m3/tooling/migration-recipes/src/main/java/com/m3/rewrite/InstallIndexStringCompatibility.java	RECEIVER_ADAPTER_ONLY	com.synexia:synexia-m3index-jdk-bridge	Apache-2.0	true
M3JDK21_SYNEXIA_RECIPE_HOME_V1	hsoliwal/com.synexia	hsoliwal/M3jdk21	m3/tooling/migration-recipes/src/main/resources/META-INF/rewrite/m3-string-stream-traversal.yml	RECEIVER_ADAPTER_ONLY	com.synexia.rewrite.M3Jdk21StringDirectStreamTraversal	Apache-2.0	true
M3JDK21_SYNEXIA_RECIPE_HOME_V1	hsoliwal/com.synexia	hsoliwal/M3jdk21	m3/tooling/migration-recipes/src/main/resources/META-INF/rewrite/m3-string-canonical-dag-master-repair.yml	TARGET_PRODUCT_ADAPTER	synexia.m3jdk.string.canonical-dag.20261006	Apache-2.0	true
M3JDK21_SYNEXIA_RECIPE_HOME_V1	hsoliwal/com.synexia	hsoliwal/M3jdk21	m3/tooling/migration-recipes/src/main/resources/META-INF/rewrite/m3-regex-string-precompute-v2.yml	MIGRATION_RESIDUE_NOT_CANONICAL	com.synexia.indexstring.M3InstallCodeTextRegexPrecompute	Apache-2.0	true
M3JDK21_SYNEXIA_RECIPE_HOME_V1	hsoliwal/com.synexia	hsoliwal/M3jdk21	m3/tooling/migration-recipes/src/main/resources/META-INF/rewrite/m3-string-mechanical-donor-map.yml	MIGRATION_RESIDUE_NOT_CANONICAL	com.synexia.M3MechanicalDonorShapeReview;com.synexia.rewrite.M3MechanicalPrecomputeInvariant	Apache-2.0	true
M3JDK21_SYNEXIA_RECIPE_HOME_V1	hsoliwal/com.synexia	hsoliwal/M3jdk21	m3/tooling/migration-recipes/src/main/resources/META-INF/rewrite/m3-a3-regex-memory-lab.yml	RECEIVER_ADAPTER_ONLY	com.synexia.rewrite.M3A3RegexMemoryLab	Apache-2.0	true
M3JDK21_SYNEXIA_RECIPE_HOME_V1	hsoliwal/com.synexia	hsoliwal/M3jdk21	m3/tooling/migration-recipes/src/main/resources/META-INF/rewrite/m3-a3-regex-memory-workflow.yml	TARGET_PRODUCT_ADAPTER	com.synexia.rewrite.M3A3RegexMemoryLab	Apache-2.0	true
M3JDK21_SYNEXIA_RECIPE_HOME_V1	hsoliwal/com.synexia	hsoliwal/M3jdk21	m3/tooling/migration-recipes/src/main/resources/META-INF/rewrite/m3-jni-newstring-admission.yml	TARGET_PRODUCT_ADAPTER	com.synexia.rewrite.M3JdkHandoff	Apache-2.0	true
M3JDK21_SYNEXIA_RECIPE_HOME_V1	hsoliwal/com.synexia	hsoliwal/M3jdk21	m3/tooling/migration-recipes/src/main/java/com/synexia/**	MIGRATION_RESIDUE_NOT_CANONICAL	com.synexia:synexia-openrewrite-recipes	Apache-2.0	true
M3JDK21_SYNEXIA_RECIPE_HOME_V1	hsoliwal/com.synexia	hsoliwal/M3jdk21	m3/collections/recipe/**	TARGET_PRODUCT_ADAPTER	com.synexia.rewrite.M3CollectionLanes	Apache-2.0	true
