sourceWorld	donorFamily	representativeSources	targetDisposition	m3TargetOrRule	notes
# donorAudit=hsoliwal/com.synexia@d1ecbd43dbadaf218deec0d98a2ddc23f3a3f45c tree=f29c5faa6d012710fc8b1be2231e74454328d5f0 modules=synexia-indexstring,synexia-indexstring-compiler,synexia-indexstring-jini,synexia-indexstring-maven-plugin,synexia-indexstring-tornadovm,synexia-mindex,synexia-mindex-indexstring-bridge,synexia-mindex-vm
Synexia	Canonical String identity	MIndexString; IndexResolver; IndexStringTuple; MIndexStringIntern	PORT_TO_M3JDK	java.lang.M3String; M3StringOwner; M3StringAtom; M3StringTuple; M3StringPool	Owner+coordinate is the canonical value structure; donor names are not target ABI.
Synexia	Canonical String facts	MIndexStringCanonicalFacts; MIndexTextPrecomputedFacts; MIndexUtf16RangeFacts; MIndexMappedStringFacts	PORT_INTERNAL	java.lang.M3StringFacts + bounded owner-local range facts	Fixed-size facts attach to exact owner/range identity and never own spelling.
Synexia	String operation plans	MIndexStringPrecomputation; MIndexStringSearchPlan; MIndexPreparedTrigramQuery; MIndexPositionMasks; MIndexComposedPositionMasks; MIndexLiteralRepeatPrecompute; MIndexLiteralTransitionPrecompute; MIndexSearchPrecompute*	PORT_INTERNAL_BOUNDED	M3StringSearchPrecompute; M3StringPositionPrecompute; jdk.internal.mindex.M3TQ	Length-proportional metadata is separately bounded and weak-owner keyed.
Synexia	Prefix/border/period facts	MIndexPrefixZ; MIndexPrefixZCache; MIndexPrefixFrontier	DONOR_CANDIDATE	No java.lang field; only add an internal M3 lane when a concrete JDK consumer exists	Do not expose as String API and do not preload merely because donor code exists.
Synexia	Palindrome facts	MIndexPalindromeFacts; IndexTokenManacher; PreparedPalindromeText	DONOR_CANDIDATE	No current java.lang owner	Port only behind a concrete JDK consumer and an explicit memory budget.
Synexia	Suffix/LCP decision facts	IndexTokenSuffixes; suffix-decision facts; LCP/RMQ families	DONOR_CANDIDATE	No current java.lang owner	Candidate algorithms remain donor evidence until a JDK consumer is named.
Synexia	Literal/search trees	MIndexLiteralSearchTree; MIndexTokenSearchTree; MIndexVocabularySearchTree; MIndexCompositeSearchIndex; MIndexCompositeSearchTrie	PORT_SELECTIVELY	Internal M3 search/index lanes	Only immutable, semantics-preserving candidate filters belong near String; larger indexes remain separate services/images.
Synexia	Regex precompute	MIndexRegexPlan; MIndexRegexSearchPlan; MIndexRegexQueryPlan; MIndexRegexPostingPlan; MIndexRegexExecutionDag; MIndexRegexCompositionImage; MIndexRegexTrigramQuery	PORT_SELECTIVELY	java.util.regex internal candidate/preparation lanes + M3TQ	Exact regex engine remains authority; precompute may reject/route candidates only unless mathematically complete.
Synexia	Regex atom/native acceleration	MIndexRegexAtoms; MIndexRegexAtomBatch; MIndexRegexAtomEffectCache; MIndexGpuRegexPipeline; MIndexNativeRegex*; CppPreparedMIndexRegex*	DONOR_ACCELERATOR	Optional internal/JNI backend	Never changes Java regex semantics; hardware/native absence must fail open.
Synexia	Hash precompute	MIndexBlake3Precomputation; MIndexBlake3Hash256; MIndexTreeHash256; MIndexSha256Native	PORT_BY_CONSUMER	Internal hash facts only	Precomputed digest/hash facts may be retained only where exact input identity and algorithm/version are pinned.
Synexia	Code/text signals	MIndexCodeTextSignals; MIndexCodeTextSignalBatch; IndexDirectSignalBuilder; IndexBitSignalResolver; MIndexTextSignals	PORT_SELECTIVELY	Internal M3 signals	Signals are candidate/order hints; never semantic truth unless the signal is a complete proof.
Synexia	Word/lexical facts	IndexWordFacts*; LexicalFacts; LexiconFactsImage; MIndexLexiconStrings; MIndexLanguagePrecomputeStats; MIndexLexicalPrecomputeContribution; MIndexLexicalPrecomputeChecks	DONOR_IMAGE	Mapped/internal lexicon owners	Lexical images are distinct from java.lang.String canonical identity and must carry namespace/generation.
Synexia	Unicode/unit/static catalogs	PrecomputedUnicodeTable; UnicodeCodePointCatalog; UnicodePropertyTsv; UnicodeDataImport; PrecomputedUnitTable; SiCatalog; SiUnitCatalog; UnitDefinition; PrecomputedNumberTable	DONOR_IMAGE	Separate M3 immutable catalog/image plane	Versioned Unicode/unit/number tables may feed target-internal consumers but never become per-String payload or public precompute API.
Synexia	Bigram/relation precompute	MIndexBigram*; BigramCorpusCompiler; CompiledBigramImage; PairSemanticSignal*; MIndexPairPrecompute*	DONOR_IMAGE	Separate M3 language/relation images	Not a java.base String field; consume through explicit internal services if needed.
Synexia	Semantic/reasoning precompute	MIndexSemanticPrecompute; MIndexSemanticGraphPrecompute; MIndexSemanticPrecomputeBundle; MIndexReasoningPrecomputeBundle; MIndexArgumentationPrecompute; MIndexArgumentationPrecomputation; MIndexAcceptanceIndex; MIndexConditionalDependencyIndex; MIndexContradictionKernelIndex; MIndexFormulaTruthIndex; MIndexInterpretationQueryIndex; MIndexProbabilistic*; MIndexPreferenceAggregation; StatementRelationTable	DONOR_DOMAIN	No java.base owner	Keep outside java.lang; only common primitive facts may be reused by a target-internal service.
Synexia	AST precompute	MIndexASTPrecompute; MIndexASTPoolPrecompute; MIndexASTSpecPrecompute; MIndexASTSpecTreePrecompute; MIndexASTDagPatterns	DONOR_TOOLING	Compiler/tooling M3 counterpart, not java.lang.String	Preserve as separate AST/tooling plane.
Synexia	File/source facts	MIndexFileByteFacts*; MIndexFileSourceFacts*; MIndexFileLexicon*; M3FsPrecomputeBundle; M3FsPrecomputeCatalog; M3FsPrecomputeWriter	DONOR_STORAGE	m3fs/file-index layer	File facts are keyed by file generation/content identity, not String identity.
Synexia	DAG precompute	MIndexDagPatternIndex; MIndexDagPatternPages; MIndexDagQueryBatch; MIndexTreePrecomputePasses; MIndexPageableTreePrecomputation; MIndexDagPrecomputeRecipe	DONOR_GRAPH	M3 DAG/workflow plane	Generic DAG precompute remains outside String runtime.
Synexia	Generic precompute engine	MIndexPrecomputeEngine; MIndexPrecomputeContext; MIndexPrecomputeSession; MIndexPrecomputePlan; MIndexPrecomputePass; MIndexPrecomputePasses; MIndexPrecomputeArtifact; MIndexPrecomputeCache; MIndexPrecomputeCatalog; MIndexPrecomputeLimits; MIndexPrecomputeScope; MIndexPrecomputeKey; MIndexPrecomputeFabric; MIndexPrecomputeReceipt; MIndexPrecomputeMatrixPlanner; MIndexFrameworkPrecomputePlan; MIndexAtomTransferExport; MIndexGraphContribution; MIndexPostingIndex; MIndexPostingIntersectionKernel; MIndexScalarLaneRecipe; SourceReceipt	PORT_ARCHITECTURE	M3-internal precompute framework, not a public JDK API	This is the general donor architecture: owner/key/scope/budget/pass/artifact/lifecycle are internal.
Synexia	Universal precompute API	MIndexUniversalPrecompute; MIndexUniversalSnapshot; MIndexUniversalImageCodec; MIndexUniversalSource; MIndexUniversalLimits	DONOR_FRAMEWORK	Separate M3 internal service/image layer	Do not fold universal artifacts into java.lang.String.
Synexia	Distributed/Jini precompute	MIndexJiniComputeFabricBridge; MIndexUniversalJini*; MIndexJiniPrecompute*	DONOR_DISTRIBUTED	No java.base dependency	JDK runtime must not acquire a distributed runtime dependency.
Synexia	Hardware precompute	MIndexCoralEdgeTpuPrecompute*; MIndexLiteRtNpuPrecompute; TornadoIndexPrecomputeAccelerator	DONOR_ACCELERATOR	Optional external/offline accelerator	Precompute products may be imported only after identity/version validation.
Synexia	Compiler/schema precompute	MatIndexPatternPrecomputeEmitter; MatIndexSchemaPrecomputeEmitter; MatIndexSchemaPrecomputeMojo; MIndexCompilerASTPrecompute; MIndexCompiler	DONOR_COMPILER	M3 compiler/recipe layer	Compiler produces/validates facts; runtime owns no compiler dependency.
Synexia	API/spec precompute	MIndexApiPrecompute; MIndexApiPrecomputeView; MIndexApiSpecPrecompute; MIndexSpecPrecompute; MIndexApiPrecomputeTable; MIndexApiShapePlanPrecomputeRecipe	DONOR_TOOLING	M3 API/spec tooling plane	Keep separate from public JDK API.
Synexia	String relation/unary projection	MIndexStringRelationPrecompute; MIndexStringUnaryProjectionPrecompute; MIndexStringPrecomputeBridge*; MIndexStringPrecomputeImage; MIndexStringPrecomputeCache; MIndexStringPrecomputeProfile; M3StringPrecomputeImage; M3StringPrecomputeProfile	REVIEW_REQUIRED	Potential internal M3 String-adjacent lanes	Must inventory exact semantics, memory shape, and JDK consumer before porting.
Synexia	String model/vocabulary	MIndexStringModel*; MIndexStringVocabularyTokenizer; MIndexStringKeywordPlan; MIndexStringWildcardPlan	DONOR_MODEL	Separate model/tokenization plane	Never become fields of java.lang.String.
Synexia	Collections/search structures	MIndexStringSet; MIndexStringMap; MIndexStringLongMap; MIndexHashMap; MIndexHashSet; MIndexBitmapSet; MIndexCollectionPrecompute; MIndexTokenPostings; MIndexTokenRangeIndex; MIndexTokenRangeAnalytics	DONOR_COLLECTIONS	M3 collections plane	Only port into JDK collections after separate contract review; not part of String fix.
Synexia	Native shadow/boundary	MIndexNativeBytes; MIndexNativeJoinedBytes; MIndexNativeJoinedChars; MIndexNativeArrayBoundaries; MIndexNativeIntern	PORT_BOUNDARY	JNI/native M3 shadow/materialization boundary	Byte/char arrays are projections/shadows only, never canonical M3String payload.
Synexia	Bridge convergence	MIndexStringPrecomputeConvergenceBridge; MIndexStringConversionBridge	DONOR_MAPPING	Mapping/evidence only	Bridge code informs target mapping but must not create a Synexia runtime dependency in M3JDK.
