path	bytes	sha256
META-INF/MANIFEST.MF	64	10bc159fd66a1645406e39ed8cd83c5aa6d8fa5c1559b16b300bf42bc86755fd
META-INF/maven/org.slf4j/slf4j-api/pom.properties	57	c45191aa981871ef8fce283c6ef7de3a5ce803aecdf1949ca86d8e3eb6736ed6
META-INF/maven/org.slf4j/slf4j-api/pom.xml	2743	fb046a9c229437928bb11c2d27c8b5d773eb8a25e60cbd253d985210dedc2684
org/slf4j/ILoggerFactory.java	2390	90dc90969dad904a25ccd056add6a9b0328936fb03ca2affca690f9a5d709103
org/slf4j/IMarkerFactory.java	2893	beae0140c68fdc86afb036dbb801a5bda72dd4b70b35f3f0bdbc213b30681ee4
org/slf4j/Logger.java	26100	54723c706e498e2bff731bb4f9d27fb2f2e99ec8a4c40d22a09aef27e4f163ee
org/slf4j/LoggerFactory.java	18284	c4f09b8e5fa1a45a288a1601c46324edc675a450c7bc9b7f6e0b3d7c372cdb52
org/slf4j/MDC.java	10405	ebfe68acf447b8112564014f0292b5e73997e17ff8e68ddf057c3987797d0f53
org/slf4j/Marker.java	4657	5dccea52b2ba5fe743c0d4c677ed3c7094d40e8dacbec5217e495ae56814d29c
org/slf4j/MarkerFactory.java	4097	68a70207ac47ced8a36babf11c3b87d4606c14943c55bcbd30dfb4409abf4428
org/slf4j/event/EventConstants.java	531	b7191d9783ab890b72ce3ebf66d817c205a18051dfe26f1bbebf6fc07df067d6
org/slf4j/event/EventRecodingLogger.java	10357	ede7523f6c5110eebb3ec88f939b3b551a7dccc607650dc9fa5120807fbd790e
org/slf4j/event/Level.java	872	16562389d3a71f2fe5e334d18e2e99f152d5fe5fc5183fe176cc826c6e248f7e
org/slf4j/event/LoggingEvent.java	383	bedb1c70a40980598d0a1d586c1a885cc49142bc01e648db3b71e1f51ed43067
org/slf4j/event/SubstituteLoggingEvent.java	1856	089f7e189c5621e9a9407c8c5d59b68fb462f1248108f0314d275e503bc6bcea
org/slf4j/helpers/BasicMDCAdapter.java	4906	30db748d7357b6325205cb3c9853f97f70d5e6cf8efdd7e3373fee7718bdc4fa
org/slf4j/helpers/BasicMarker.java	5063	061570126bccc8cd792f3a0976dbc5beeb15d191431234112985efd7f51ee961
org/slf4j/helpers/BasicMarkerFactory.java	3449	81de48d35efc078ad64e29ef3fd087dd1750b339e891438113b77ebc24a696ac
org/slf4j/helpers/FormattingTuple.java	2079	492c833ae1c0eec9ffb2858cb06a81f4be5fd59eb45418f2aa556fb045ab5933
org/slf4j/helpers/MarkerIgnoringBase.java	5021	1b219c905ecfe4dc36836dcd39b92564a699f1130446c2398910d2bb1c97d9b5
org/slf4j/helpers/MessageFormatter.java	15867	ea670cbe43fdcb13cc3c8fc0c58b6a114e3487fe88c4e6ad7e1b7db33aa94032
org/slf4j/helpers/NOPLogger.java	5733	f7fe36f99bbcefbf4b3de3f66cd5e4db47f604d16c05e16516174b824df246bf
org/slf4j/helpers/NOPLoggerFactory.java	1766	252153e0959f46284dcfab953f53a2d9bbcaba2c5b2a60f3bb5adcce75b2a813
org/slf4j/helpers/NOPMDCAdapter.java	2033	74c921c209dbd8d4333d7d70b80274501aced2a3d6f80e5c9068ae3eeefff9d7
org/slf4j/helpers/NamedLoggerBase.java	2680	aaae93c4cadb5b7cee9746b8229628c6b255f65e372cd92d1b2a186f585553db
org/slf4j/helpers/SubstituteLogger.java	11526	e0af7d1079bca7defd6f9ca500360bd0b0220981014fd126adbe636bfc6cbfab
org/slf4j/helpers/SubstituteLoggerFactory.java	2836	728582780041f45a13d25b81ecf8a71ac4a15cc0004d062149f43c1c096e0690
org/slf4j/helpers/Util.java	4608	b7185eab9e0be3daf82a730e151b6dd0bcfccb921f0b6ac906567ac30801545e
org/slf4j/helpers/package.html	189	b316807f1c2637492c1be844a8d901d8538be8c7a34a5c01430e0d606596574d
org/slf4j/impl/StaticLoggerBinder.java	2900	17f82919a2e2bed80cd840c164f2a7b84424c1a6b7c5c4dd00ce216e7f73b6fd
org/slf4j/impl/StaticMDCBinder.java	2420	f053edd949d4feec118736bd715210f7bf15530feb37c1b047907bebeda98d97
org/slf4j/impl/StaticMarkerBinder.java	2964	40650a2327cc1a21bd96a03b2aae55bab46db062fa371905457fe1f26a39b063
org/slf4j/impl/package.html	264	62eb31ac5bada9b0070707131016bcbe72af0a10ea1c3209f0805a8ef34a594a
org/slf4j/package.html	198	aac2564ef6df4dcc8876417b784eb2cfa43006d66c4d896ace52825ac8f68c19
org/slf4j/spi/LocationAwareLogger.java	2790	eaeab350f056fd3c49c3233c8153d22fa0be786c42a8e751f47eb233b3795c80
org/slf4j/spi/LoggerFactoryBinder.java	2422	31f8b29094c7cfb339d352765b243789407084a8e4f1890887e4141c2d445531
org/slf4j/spi/MDCAdapter.java	3367	299537dbd200a694d77cc32d1fa9f1e673939377feacc795ea9dc915152d2ae3
org/slf4j/spi/MarkerFactoryBinder.java	2414	3b5d943357c53122d0151c7b142a53c09255ea90b342fe935367bda774f7748e
org/slf4j/spi/package.html	172	b4fc0871c9c5b6e50278fc146789238b8ed779155396d1b829a6a8e9b9a4e192
