# path	before	after	template
src/main/java/com/m3/collections/M3Address28.java	ABSENT	5fa8a82e3655a675aa0d1e21ba456a7dae272776c605eeba4af22a9dbc7eaa56	M3Address28.java.txt
src/main/java/com/m3/collections/M3BitLane28.java	ABSENT	1964daa513d98b295ad13ad820519a56af6f29916063860c4c8ec8bf7d3baaa2	M3BitLane28.java.txt
src/main/java/com/m3/collections/M3Collections.java	ABSENT	529fd9055caa62cc1b4d3d008fef2765572836cc297565d11b1aea1a279a7179	M3Collections.java.txt
src/main/java/com/m3/collections/M3ConcurrentBitSet.java	ABSENT	bb1486f22518957d1fa1f951ef78b312364de5a736aff17ae5a543fe1765a4c5	M3ConcurrentBitSet.java.txt
src/main/java/com/m3/collections/M3ConcurrentIntLane28.java	ABSENT	baaa8de6567da94efba77b1363b5629755e5394a6fe951976dc552622ddd0573	M3ConcurrentIntLane28.java.txt
src/main/java/com/m3/collections/M3ConcurrentLongLane28.java	ABSENT	727666e9ad92ab6ab1a41e625307baa70ef08c1397954c2aa362282a137c46ea	M3ConcurrentLongLane28.java.txt
src/main/java/com/m3/collections/M3ConcurrentLongMap.java	ABSENT	00b8882f22b664552ae9dae4c37ab243b7fc1fb8159b80b5b74e180b4dfd7698	M3ConcurrentLongMap.java.txt
src/main/java/com/m3/collections/M3ConcurrentLongSet.java	ABSENT	7a7e71695a1106f6cefc43e2ba0883eec78abf44f4bf72ead6d094991d6366d6	M3ConcurrentLongSet.java.txt
src/main/java/com/m3/collections/M3IntLane28.java	ABSENT	771b1450d137874e7c3e08d4e9bee405a6cf88aa6695a9fd4c3616be4ae34d18	M3IntLane28.java.txt
src/main/java/com/m3/collections/M3LongArena28.java	ABSENT	f797998ca57b353f7c44ae48f3d65eeaddec6182066cec0f56c8526d71355e60	M3LongArena28.java.txt
src/main/java/com/m3/collections/M3LongCollection.java	ABSENT	ea0c1aa0957f7bafd5cf2892cbe483c98d5772192f81cc3c467d53ab5c1c7531	M3LongCollection.java.txt
src/main/java/com/m3/collections/M3LongIterator.java	ABSENT	9d10e476f5d1664a1028fe52406ab05421758961c6d3d5cf163241e058a3f201	M3LongIterator.java.txt
src/main/java/com/m3/collections/M3LongLane28.java	ABSENT	5e35c6c646389c582585b684a4e6224bb968cf2f7b669598eb88920ab1538960	M3LongLane28.java.txt
src/main/java/com/m3/collections/M3LongLaneStore28.java	ABSENT	e12261ea8149c9b6cedcfb08915699ec344a57eaed15f68060a9927717eb44a1	M3LongLaneStore28.java.txt
src/main/java/com/m3/collections/M3LongLinkedList28.java	ABSENT	2db7c6ba3342a58fdce49c3e988ded51ece2de336575d225edb6cca75cd483c2	M3LongLinkedList28.java.txt
src/main/java/com/m3/collections/M3LongLongConsumer.java	ABSENT	a9be525afc8c71fa191625dc69c60f76273299832744392435a5739006c8d15c	M3LongLongConsumer.java.txt
src/main/java/com/m3/collections/M3SlotAllocator28.java	ABSENT	9a7487453e0bd2369b56e7e17dedb79e2eba8919944772ec0407c95833458ae7	M3SlotAllocator28.java.txt
src/main/java/module-info.java	ABSENT	e531b318ea4cbc6ca09bb3e52cb1a70ee4539ccf78d8b61b0f73bcf3027db557	module-info.java.txt
src/test/java/com/m3/collections/M3ConcurrentLaneContractTest.java	ABSENT	4a72dcca1648cbd3cf9f2d9bbec526de13fb50464d6b2ed19b101182541f7e5a	M3ConcurrentLaneContractTest.java.txt
src/test/java/com/m3/collections/SegmentedLaneBulkContractTest.java	ABSENT	f2ea51cf92b35489ca0bc3c6555850ff9ceee45a1459eb0af06f19feaff810ce	SegmentedLaneBulkContractTest.java.txt
src/test/java/com/m3/collections/SegmentedPrimitiveStorageTest.java	ABSENT	b202adb68518e47c49ceddc4f21e52c7bb48c387b3f1ee08baceaf8a930eb44c	SegmentedPrimitiveStorageTest.java.txt
