m3/backports/JEP_CATALOGUE.tsv	f60143aa2435569908e1ae843e3bfaf35241211b0b93984c51486288f1dc575f	1f8378ebe846326031b8f14b8e073b8fb6fb0d37cf6348ddc50e972e5f0e6d90	00-JEP_CATALOGUE.tsv.txt
m3/backports/JEP_RESIDUE_QUEUE.tsv	273ebf9f5fab37c4677fdc6be6a2f537f0b6db290a029130a6327c7c21645f91	f1b09adeab65d6a20673e7c9d5ef94d601cf4dc1371e762f408c9fcae97d9c0c	10-JEP_RESIDUE_QUEUE.tsv.txt
m3/backports/POST21_PRIORITY_COMPATIBILITY.tsv	0d57819087527d27ef3f6f663c9c7ece2c516ac75b2c339ee72ff04be481aa03	ad990bd2adfc60e99fa690e3a4d63a3b05dea22571fd857497d2d26b96ceab9d	09-POST21_PRIORITY_COMPATIBILITY.tsv.txt
m3/backports/PROGRAM_STATUS_2026-10-06.md	bbd52146c04c33019912285483f60a9a6709f53c34c978326a8a673254e781e9	3388c1593afa55d85798f06325d1d5bd701887147147b441f4e2dbc794aeb977	01-PROGRAM_STATUS_2026-10-06.md.txt
m3/backports/README.md	63ca9bbfbeadbbb687a266b10903b3c2e480a0ce765c7b6fcf9ff414a4ce6f9a	088284ec06f9b6c8efb2612ffd4f1085d7d0d9a38f4692ca834890744bf09e75	02-README.md.txt
m3/backports/RELEASE_JEP_AUTHORITY.tsv	ABSENT	05341181f89e150ae602644ddaca9d53596be533cb2695e4032f11c0e1a70709	03-RELEASE_JEP_AUTHORITY.tsv.txt
m3/backports/program_status.py	5d38012d976528e17a0495f07a8ec007c779051d6ca8dfc024e3e953e0d51f99	54333cd6c4753048a1ef5edf89f98e72e0211fd424bbd9cb1d5d398922853943	04-program_status.py.txt
m3/backports/release_jep_authority.py	ABSENT	df8f68ca6326a2f016f950d161d013135ab7c6a91c1eeb6a57cac9e0db595f75	05-release_jep_authority.py.txt
m3/backports/test_program_status.py	025f1cd3af27023138e75508ee861da3392e82deb8a8b1e7ca483e650532fb3d	2625cd3193b7f5d49b0875e28a59e10858dfde8f910cb0b7cb7f2a82c53f150e	06-test_program_status.py.txt
m3/backports/test_release_jep_authority.py	ABSENT	71852df910638226130c52cd740164bc7d22a82f24ca45ac7cbcc4d7b263ea47	07-test_release_jep_authority.py.txt
m3/backports/verify.py	4fb278d52f3cd4d07db73a9a21fb1b7ad739b57ab66858b26906b283ae66930c	e3d553038938c99b767eb12c16c1045bfd9b12cea3546be29603d02421cd8f6c	08-verify.py.txt
