path	scope	bytes	git_blob_sha1	sha256
.github/workflows/m3-history-audit.yml	new proposal file	2864	f1d50c98ccf563fa4fe3a1ab89bbb4e9cb9d7c15	26256b780b06adec3649744f5867ccfe49eb4d4fbc24caa626bc4cb2c7039637
m3/history/ATOM_PLAN.tsv	new proposal file	2999	c8ce97c13be626dd80b2a06ce53cd1fa3a4cd331	37d32ebacd7bf2d86084221107f891ef47952eaaefe4420054698047d27aef3d
m3/history/README.md	new proposal file	7771	17c16d122cd37ed0217c048465a1de40e19a2378	43289e1205da2e3260aef0b55b755c01bdc6585689104545081e391f57c7e15b
m3/history/TASK_PACKET.json	new proposal file	2015	aadc1ffdd0ba149aeb1c96ca16bf309815835885	e1b9d89c877c255c165d53e5cd0d862e55a9e2145cc42e6268d50b99f9548b6b
m3/history/audit.py	new proposal file	14508	184131d373f913e98ae5f88274a0c235d20678c5	804f6ea92bbb0b1c881d0a4d0409fa1c82a559ad75194b77766705855f8b3953
m3/history/collect_prs.py	new proposal file	3335	5cafe2561f548579490cbee4f542a114a4be6198	c22635d38e91d9c0f85b9d6aafec1c12c044f26c2fd0258f66e79cb416dd7bd4
m3/history/git_graph.py	new proposal file	7478	10aee90a9dc2b09b79158608e662e50e45ec227d	842d5f66297bfb0081a053dabf24ff9d6ca5f6a7823d0639a19cda1a23bc4881
m3/history/pom.xml	new proposal file	2068	3d194ddbbb34f95aaa1605a3d2e3f5b541624f87	2d6d1d17ae39dfbb7ecd75ddf8d064e21af2571742aa13cba96296fdcb5c1b0d
m3/history/snapshot-forward-0323.json	new proposal file	3174	f7e6c4b30da4112a0b60fc4726cf7868cd2f81ec	ec53f648cd7d1e44218923961b66a653a94142d524b198e98da7f2ef5a3c459a
m3/history/snapshot.json	new proposal file	3013	76f19403d3a39f19067c57fd28711eea4461a18a	2388682bd58ad2680defc0670cec55fdd1c29661411a7a044561d7de1be03beb
m3/history/test_audit.py	new proposal file	16756	828e59be74f5bbc7e617eb5ba0a783a0119bdea8	196e67c529beff1d3c5096300362936daf62fc020fc613fd33d1b2c2da75912f
