path	sha256
.github/workflows/m3-history-audit.yml	26256b780b06adec3649744f5867ccfe49eb4d4fbc24caa626bc4cb2c7039637
m3/history/ATOM_PLAN.tsv	37d32ebacd7bf2d86084221107f891ef47952eaaefe4420054698047d27aef3d
m3/history/README.md	43289e1205da2e3260aef0b55b755c01bdc6585689104545081e391f57c7e15b
m3/history/TASK_PACKET.json	e1b9d89c877c255c165d53e5cd0d862e55a9e2145cc42e6268d50b99f9548b6b
m3/history/audit.py	804f6ea92bbb0b1c881d0a4d0409fa1c82a559ad75194b77766705855f8b3953
m3/history/collect_prs.py	c22635d38e91d9c0f85b9d6aafec1c12c044f26c2fd0258f66e79cb416dd7bd4
m3/history/evidence/20261002-inspection/ACTION_QUEUE.tsv	bdf678a4c4c5173d988e2e01bf795cbcca6754566d3d109d18a2bd9565e849b3
m3/history/evidence/20261002-inspection/CLUSTERS_EXACT.tsv	82bd57227c66a7c76ce312e0da172f3e0ae4b36ee7c273d5f7caa56a46f2b3d7
m3/history/evidence/20261002-inspection/CLUSTERS_NORMALIZED.tsv	a0a4ca41d7188df4d94c3eed011af346c5bff45e5654715de05041a82e19a9df
m3/history/evidence/20261002-inspection/FINAL_REPORT.md	0643f0fd091e8dc714391b58ee0a474c6e46c771a59849779e834a34d36eccdf
m3/history/evidence/20261002-inspection/HOSTED_ATTEMPT.json	b05fa5aaf4f493dbc6778c735e6d7713c39eb68a9651cb3272c25e5a1a939f7b
m3/history/evidence/20261002-inspection/INVENTORY.tsv	71475d6e736fbccd91aae636cc1b17da6faaf3cf6d76df8b4807d7e2145bf2c1
m3/history/evidence/20261002-inspection/PROVENANCE.tsv	92b340d8d86bf986f23d436358dbcd940b77994085aec01f39e60d05a38e0b68
m3/history/evidence/20261002-inspection/RUN_CONTEXT.tsv	87683165b81493b725e5951a769a2457ef5a28dc533b38066a81e0c5b78b1459
m3/history/evidence/20261002-inspection/STATUS.tsv	4ee2b665bc8871b797cf8e0c050af9a59a50b0cc7861e62e5097be9d5b18fa92
m3/history/evidence/20261002-inspection/SUMMARY.tsv	692f86f162c43e7640f57d3fd53dff8ee71f8e489b2243016761fbdbb60e7a1d
m3/history/evidence/20261002-inspection/VERIFY_CONTRACT.tsv	ceb52013ad39834012b35782cdf21a277dd2286dac5d5fd89a406a8f77067747
m3/history/evidence/20261002-inspection/compile.log	e3b0c44298fc1c149afbf4c8996fb92427ae41e4649b934ca495991b7852b855
m3/history/evidence/20261002-inspection/diff.log	e3b0c44298fc1c149afbf4c8996fb92427ae41e4649b934ca495991b7852b855
m3/history/evidence/20261002-inspection/fixture-tests.log	9268b2ca32e600bb85a5347266f890a30c39e01b753aa17b4e1c94e0d2f3b661
m3/history/evidence/20261002-inspection/lint.log	e3b0c44298fc1c149afbf4c8996fb92427ae41e4649b934ca495991b7852b855
m3/history/git_graph.py	842d5f66297bfb0081a053dabf24ff9d6ca5f6a7823d0639a19cda1a23bc4881
m3/history/pom.xml	2d6d1d17ae39dfbb7ecd75ddf8d064e21af2571742aa13cba96296fdcb5c1b0d
m3/history/snapshot-forward-0323.json	ec53f648cd7d1e44218923961b66a653a94142d524b198e98da7f2ef5a3c459a
m3/history/snapshot.json	2388682bd58ad2680defc0670cec55fdd1c29661411a7a044561d7de1be03beb
m3/history/test_audit.py	196e67c529beff1d3c5096300362936daf62fc020fc613fd33d1b2c2da75912f
