packet_id	atom_id	contract_ref	documentation_ref	pattern	iop_role	junit_proof_ref	fixed_point_required
jep-universe-authority-reconciliation	file-release-donor-refs	donor-ref-authority/v1	m3/backports/recipes/jep-universe-authority-reconciliation/README.md	EvidenceAuthority	ReleaseDenominator	ReleaseDonorRefsTest	true
jep-universe-authority-reconciliation	file-release-donor-validator	donor-ref-validation/v1	m3/backports/recipes/jep-universe-authority-reconciliation/README.md	Validator	ReleaseDenominator	ReleaseDonorRefsTest	true
jep-universe-authority-reconciliation	file-release-donor-test	donor-ref-proof/v1	m3/backports/recipes/jep-universe-authority-reconciliation/README.md	ProofAtom	ReleaseDenominator	ReleaseDonorRefsTest	true
jep-universe-authority-reconciliation	donor-authority	donor-authority/join/v1	m3/backports/recipes/jep-universe-authority-reconciliation/README.md	Composite	ReleaseAuthority	packet-dag-proof	true
jep-universe-authority-reconciliation	file-delta-inventory	file-delta/v2	m3/backports/recipes/jep-universe-authority-reconciliation/README.md	MechanicalTransform	FileAtomFactory	FileDeltaInventoryTest	true
jep-universe-authority-reconciliation	file-delta-test	file-delta-proof/v2	m3/backports/recipes/jep-universe-authority-reconciliation/README.md	ProofAtom	FileAtomFactory	FileDeltaInventoryTest	true
jep-universe-authority-reconciliation	file-crate-generator	file-crate-generator/v2	m3/backports/recipes/jep-universe-authority-reconciliation/README.md	MechanicalTransform	FileAtomFactory	GenerateRecipeCratesTest	true
jep-universe-authority-reconciliation	file-crate-generator-test	file-crate-proof/v2	m3/backports/recipes/jep-universe-authority-reconciliation/README.md	ProofAtom	FileAtomFactory	GenerateRecipeCratesTest	true
jep-universe-authority-reconciliation	file-atom-mechanics	file-atom-mechanics/join/v1	m3/backports/recipes/jep-universe-authority-reconciliation/README.md	Composite	FileAtomFactory	packet-dag-proof	true
jep-universe-authority-reconciliation	file-jep-inventory	jep-seed-inventory/v2	m3/backports/recipes/jep-universe-authority-reconciliation/README.md	InventoryPipeline	CandidatePlanner	JepUpstreamInventoryTest	true
jep-universe-authority-reconciliation	file-jep-inventory-test	jep-seed-inventory-proof/v2	m3/backports/recipes/jep-universe-authority-reconciliation/README.md	ProofAtom	CandidatePlanner	JepUpstreamInventoryTest	true
jep-universe-authority-reconciliation	file-jep-planner	jep-seed-packet-planner/v2	m3/backports/recipes/jep-universe-authority-reconciliation/README.md	InventoryPipeline	CandidatePlanner	JepSeedPacketPlannerTest	true
jep-universe-authority-reconciliation	file-jep-planner-test	jep-seed-packet-proof/v2	m3/backports/recipes/jep-universe-authority-reconciliation/README.md	ProofAtom	CandidatePlanner	JepSeedPacketPlannerTest	true
jep-universe-authority-reconciliation	jep-planning	jep-planning/join/v1	m3/backports/recipes/jep-universe-authority-reconciliation/README.md	Composite	CandidatePlanner	packet-dag-proof	true
jep-universe-authority-reconciliation	file-jep-universe-ci	jep-universe-ci/v1	m3/backports/recipes/jep-universe-authority-reconciliation/README.md	VerificationAdapter	ProofRunner	GitHubActionsExactHead	true
jep-universe-authority-reconciliation	file-crate-ci	file-crate-ci/v1	m3/backports/recipes/jep-universe-authority-reconciliation/README.md	VerificationAdapter	ProofRunner	GitHubActionsExactHead	true
jep-universe-authority-reconciliation	file-readme	backport-denominator-doc/v2	m3/backports/recipes/jep-universe-authority-reconciliation/README.md	DocumentationAtom	SemanticMemory	doc-review	true
jep-universe-authority-reconciliation	ci-proof	ci-proof/join/v1	m3/backports/recipes/jep-universe-authority-reconciliation/README.md	Composite	ProofRunner	packet-dag-proof	true
jep-universe-authority-reconciliation	control-join	jep-universe-authority-reconciliation/v1	m3/backports/recipes/jep-universe-authority-reconciliation/README.md	DAGComposition	ControlPlane	M3JepUniverseAuthorityReconciliationRecipeTest	true
